Sl.No.,Heads of Crime,Major Heads,Minor Heads,During the current year upto the end of month under review,During the corresponding month of previous year,During the previous month,During the current month,,,,,,
1,A - IPC/BNS Crime,"Murder (Sec.302/303 IPC/103,104 BNS)",For gain,20,1,1,1,,,,,,
2,A - IPC/BNS Crime,"Murder (Sec.302/303 IPC/103,104 BNS)",Over Property Dispute,16,1,2,2,,,,,,
3,A - IPC/BNS Crime,"Murder (Sec.302/303 IPC/103,104 BNS)",Due to Personal Vendetta or enemity,22,4,4,2,,,,,,
4,A - IPC/BNS Crime,"Murder (Sec.302/303 IPC/103,104 BNS)",Due to Sexual jealousy,14,5,1,1,,,,,,
5,A - IPC/BNS Crime,"Murder (Sec.302/303 IPC/103,104 BNS)",For dowry by burning,1,0,0,0,,,,,,
6,A - IPC/BNS Crime,"Murder (Sec.302/303 IPC/103,104 BNS)",For dowry by other means,5,3,0,1,,,,,,
7,A - IPC/BNS Crime,"Murder (Sec.302/303 IPC/103,104 BNS)",Due to Communalism,1,0,0,0,,,,,,
8,A - IPC/BNS Crime,"Murder (Sec.302/303 IPC/103,104 BNS)",Due to Casteism,0,0,0,0,,,,,,
9,A - IPC/BNS Crime,"Murder (Sec.302/303 IPC/103,104 BNS)",Witch Craft (Sorcery),0,0,0,0,,,,,,
10,A - IPC/BNS Crime,"Murder (Sec.302/303 IPC/103,104 BNS)",For Human Sacrifice,0,0,0,0,,,,,,
11,A - IPC/BNS Crime,"Murder (Sec.302/303 IPC/103,104 BNS)",Due to Terrorism/Naxalism / Extremism,0,0,0,0,,,,,,
12,A - IPC/BNS Crime,"Murder (Sec.302/303 IPC/103,104 BNS)",For Political Reasons,0,0,0,0,,,,,,
13,A - IPC/BNS Crime,"Murder (Sec.302/303 IPC/103,104 BNS)",Due to Adultery,10,1,0,1,,,,,,
14,A - IPC/BNS Crime,"Murder (Sec.302/303 IPC/103,104 BNS)",Civil Disputes,36,4,5,4,,,,,,
15,A - IPC/BNS Crime,"Murder (Sec.302/303 IPC/103,104 BNS)",Electoral Gain,0,0,0,0,,,,,,
16,A - IPC/BNS Crime,"Murder (Sec.302/303 IPC/103,104 BNS)",Gang Rivalry,2,0,2,0,,,,,,
17,A - IPC/BNS Crime,"Murder (Sec.302/303 IPC/103,104 BNS)",Love Intrigue,10,7,0,1,,,,,,
18,A - IPC/BNS Crime,"Murder (Sec.302/303 IPC/103,104 BNS)",Professional ,0,0,0,0,,,,,,
19,A - IPC/BNS Crime,"Murder (Sec.302/303 IPC/103,104 BNS)",Psychopathic/Serial Killer/Lunacy,0,0,0,0,,,,,,
20,A - IPC/BNS Crime,"Murder (Sec.302/303 IPC/103,104 BNS)",Rape with Murder,7,1,1,2,,,,,,
21,A - IPC/BNS Crime,"Murder (Sec.302/303 IPC/103,104 BNS)",Revenge/Enemity,26,6,5,0,,,,,,
22,A - IPC/BNS Crime,"Murder (Sec.302/303 IPC/103,104 BNS)",Sudden Quarrel,62,7,8,10,,,,,,
23,A - IPC/BNS Crime,"Murder (Sec.302/303 IPC/103,104 BNS)",Village Dispute,0,0,0,0,,,,,,
24,A - IPC/BNS Crime,"Murder (Sec.302/303 IPC/103,104 BNS)",Custodial,0,0,0,0,,,,,,
25,A - IPC/BNS Crime,"Murder (Sec.302/303 IPC/103,104 BNS)",Due to Other Causes,487,52,72,57,,,,,,
26,A - IPC/BNS Crime,ATTEMPT TO MURDER (Sec. 307 IPC/109BNS),For Gain ,10,2,2,4,,,,,,
27,A - IPC/BNS Crime,ATTEMPT TO MURDER (Sec. 307 IPC/109BNS),Over Property Dispute,49,6,11,7,,,,,,
28,A - IPC/BNS Crime,ATTEMPT TO MURDER (Sec. 307 IPC/109BNS),Due to Personal Vendetta or enemity,51,4,6,7,,,,,,
29,A - IPC/BNS Crime,ATTEMPT TO MURDER (Sec. 307 IPC/109BNS),Due to Sexual jealousy,6,1,2,0,,,,,,
30,A - IPC/BNS Crime,ATTEMPT TO MURDER (Sec. 307 IPC/109BNS),For Dowry other Means,12,2,0,2,,,,,,
31,A - IPC/BNS Crime,ATTEMPT TO MURDER (Sec. 307 IPC/109BNS),Dowry By Burning,1,0,0,0,,,,,,
32,A - IPC/BNS Crime,ATTEMPT TO MURDER (Sec. 307 IPC/109BNS),Due to Communalism,1,0,0,0,,,,,,
33,A - IPC/BNS Crime,ATTEMPT TO MURDER (Sec. 307 IPC/109BNS),Due to Casteism,1,0,1,0,,,,,,
34,A - IPC/BNS Crime,ATTEMPT TO MURDER (Sec. 307 IPC/109BNS),Witch Craft (Sorcery),0,0,0,0,,,,,,
35,A - IPC/BNS Crime,ATTEMPT TO MURDER (Sec. 307 IPC/109BNS),For Human Sacrifice,0,0,0,0,,,,,,
36,A - IPC/BNS Crime,ATTEMPT TO MURDER (Sec. 307 IPC/109BNS),Terrorism /Naxalism / Extremism,0,0,0,0,,,,,,
37,A - IPC/BNS Crime,ATTEMPT TO MURDER (Sec. 307 IPC/109BNS),For Political Reasons,5,0,0,0,,,,,,
38,A - IPC/BNS Crime,ATTEMPT TO MURDER (Sec. 307 IPC/109BNS),Adultery,8,1,3,2,,,,,,
39,A - IPC/BNS Crime,ATTEMPT TO MURDER (Sec. 307 IPC/109BNS),Electoral Gain,0,0,0,0,,,,,,
40,A - IPC/BNS Crime,ATTEMPT TO MURDER (Sec. 307 IPC/109BNS),Gang Rivalry,2,0,1,0,,,,,,
41,A - IPC/BNS Crime,ATTEMPT TO MURDER (Sec. 307 IPC/109BNS),Love Intrigue,14,0,2,5,,,,,,
42,A - IPC/BNS Crime,ATTEMPT TO MURDER (Sec. 307 IPC/109BNS),Professional ,4,0,1,1,,,,,,
43,A - IPC/BNS Crime,ATTEMPT TO MURDER (Sec. 307 IPC/109BNS),Rape,1,0,0,0,,,,,,
44,A - IPC/BNS Crime,ATTEMPT TO MURDER (Sec. 307 IPC/109BNS),Revenge/Enemity,142,12,19,18,,,,,,
45,A - IPC/BNS Crime,ATTEMPT TO MURDER (Sec. 307 IPC/109BNS),Sudden Quarrel,178,19,35,34,,,,,,
46,A - IPC/BNS Crime,ATTEMPT TO MURDER (Sec. 307 IPC/109BNS),Village Dispute,5,2,1,2,,,,,,
47,A - IPC/BNS Crime,ATTEMPT TO MURDER (Sec. 307 IPC/109BNS),Due to Other Causes,1246,115,193,139,,,,,,
48,A - IPC/BNS Crime,ATTEMPT TO MURDER (Sec. 307 IPC/109BNS),Civil Disputes,212,21,43,31,,,,,,
49,A - IPC/BNS Crime,CULPABLE HOMICIDE NOT AMOUNTING TO MUDER (Sec.304 IPC/105 BNS),For Gain,0,0,0,0,,,,,,
50,A - IPC/BNS Crime,CULPABLE HOMICIDE NOT AMOUNTING TO MUDER (Sec.304 IPC/105 BNS),Over Civil Dispute,1,0,0,1,,,,,,
51,A - IPC/BNS Crime,CULPABLE HOMICIDE NOT AMOUNTING TO MUDER (Sec.304 IPC/105 BNS),Due to Personal Vendetta or enemity,0,0,0,0,,,,,,
52,A - IPC/BNS Crime,CULPABLE HOMICIDE NOT AMOUNTING TO MUDER (Sec.304 IPC/105 BNS),Due to Sexual jealousy,0,0,0,0,,,,,,
53,A - IPC/BNS Crime,CULPABLE HOMICIDE NOT AMOUNTING TO MUDER (Sec.304 IPC/105 BNS),For Dowry,0,0,0,0,,,,,,
54,A - IPC/BNS Crime,CULPABLE HOMICIDE NOT AMOUNTING TO MUDER (Sec.304 IPC/105 BNS),Due to Communalism,0,0,0,0,,,,,,
55,A - IPC/BNS Crime,CULPABLE HOMICIDE NOT AMOUNTING TO MUDER (Sec.304 IPC/105 BNS),Due to Casteism,0,0,0,0,,,,,,
56,A - IPC/BNS Crime,CULPABLE HOMICIDE NOT AMOUNTING TO MUDER (Sec.304 IPC/105 BNS),Witch Craft (Sorcery),0,0,0,0,,,,,,
57,A - IPC/BNS Crime,CULPABLE HOMICIDE NOT AMOUNTING TO MUDER (Sec.304 IPC/105 BNS),For Human Sacrifice,0,0,0,0,,,,,,
58,A - IPC/BNS Crime,CULPABLE HOMICIDE NOT AMOUNTING TO MUDER (Sec.304 IPC/105 BNS),Terrorism /Naxalism / Extremism,0,0,0,0,,,,,,
59,A - IPC/BNS Crime,CULPABLE HOMICIDE NOT AMOUNTING TO MUDER (Sec.304 IPC/105 BNS),For Political Reasons,0,0,0,0,,,,,,
60,A - IPC/BNS Crime,CULPABLE HOMICIDE NOT AMOUNTING TO MUDER (Sec.304 IPC/105 BNS),Adultery,0,0,0,0,,,,,,
61,A - IPC/BNS Crime,CULPABLE HOMICIDE NOT AMOUNTING TO MUDER (Sec.304 IPC/105 BNS),Property Disputes,0,0,0,0,,,,,,
62,A - IPC/BNS Crime,CULPABLE HOMICIDE NOT AMOUNTING TO MUDER (Sec.304 IPC/105 BNS),Electoral Gain,2,0,0,0,,,,,,
63,A - IPC/BNS Crime,CULPABLE HOMICIDE NOT AMOUNTING TO MUDER (Sec.304 IPC/105 BNS),Gang Rivalry,0,0,0,0,,,,,,
64,A - IPC/BNS Crime,CULPABLE HOMICIDE NOT AMOUNTING TO MUDER (Sec.304 IPC/105 BNS),Love Intrigue,0,0,0,0,,,,,,
65,A - IPC/BNS Crime,CULPABLE HOMICIDE NOT AMOUNTING TO MUDER (Sec.304 IPC/105 BNS),Professional ,0,0,0,0,,,,,,
66,A - IPC/BNS Crime,CULPABLE HOMICIDE NOT AMOUNTING TO MUDER (Sec.304 IPC/105 BNS),Sudden Quarrel,7,0,1,0,,,,,,
67,A - IPC/BNS Crime,CULPABLE HOMICIDE NOT AMOUNTING TO MUDER (Sec.304 IPC/105 BNS),Due to Other Causes,53,15,10,1,,,,,,
68,A - IPC/BNS Crime,ATTEMPT TO CULPABLE HOMICIDE NOT AMOUNTING TO MURDER (Sec. 308 IPC/110 BNS),For Gain,0,0,0,0,,,,,,
69,A - IPC/BNS Crime,ATTEMPT TO CULPABLE HOMICIDE NOT AMOUNTING TO MURDER (Sec. 308 IPC/110 BNS),Over Civil Dispute,1,0,0,1,,,,,,
70,A - IPC/BNS Crime,ATTEMPT TO CULPABLE HOMICIDE NOT AMOUNTING TO MURDER (Sec. 308 IPC/110 BNS),Due to Personal Vendetta or enemity,0,0,0,0,,,,,,
71,A - IPC/BNS Crime,ATTEMPT TO CULPABLE HOMICIDE NOT AMOUNTING TO MURDER (Sec. 308 IPC/110 BNS),Due to Sexual jealousy,0,0,0,0,,,,,,
72,A - IPC/BNS Crime,ATTEMPT TO CULPABLE HOMICIDE NOT AMOUNTING TO MURDER (Sec. 308 IPC/110 BNS),For Dowry,0,0,0,0,,,,,,
73,A - IPC/BNS Crime,ATTEMPT TO CULPABLE HOMICIDE NOT AMOUNTING TO MURDER (Sec. 308 IPC/110 BNS),Due to Communalism,0,0,0,0,,,,,,
74,A - IPC/BNS Crime,ATTEMPT TO CULPABLE HOMICIDE NOT AMOUNTING TO MURDER (Sec. 308 IPC/110 BNS),Due to Casteism,0,0,0,0,,,,,,
75,A - IPC/BNS Crime,ATTEMPT TO CULPABLE HOMICIDE NOT AMOUNTING TO MURDER (Sec. 308 IPC/110 BNS),Witch Craft (Sorcery),0,0,0,0,,,,,,
76,A - IPC/BNS Crime,ATTEMPT TO CULPABLE HOMICIDE NOT AMOUNTING TO MURDER (Sec. 308 IPC/110 BNS),For Human Sacrifice,0,0,0,0,,,,,,
77,A - IPC/BNS Crime,ATTEMPT TO CULPABLE HOMICIDE NOT AMOUNTING TO MURDER (Sec. 308 IPC/110 BNS),Terrorism /Naxalism / Extremism,0,0,0,0,,,,,,
78,A - IPC/BNS Crime,ATTEMPT TO CULPABLE HOMICIDE NOT AMOUNTING TO MURDER (Sec. 308 IPC/110 BNS),For Political Reasons,0,0,0,0,,,,,,
79,A - IPC/BNS Crime,ATTEMPT TO CULPABLE HOMICIDE NOT AMOUNTING TO MURDER (Sec. 308 IPC/110 BNS),Due to Other Causes,32,2,2,4,,,,,,
80,A - IPC/BNS Crime,ATTEMPT TO CULPABLE HOMICIDE NOT AMOUNTING TO MURDER (Sec. 308 IPC/110 BNS),Adultery,1,0,0,0,,,,,,
81,A - IPC/BNS Crime,ATTEMPT TO CULPABLE HOMICIDE NOT AMOUNTING TO MURDER (Sec. 308 IPC/110 BNS),Property Disputes,0,0,0,0,,,,,,
82,A - IPC/BNS Crime,ATTEMPT TO CULPABLE HOMICIDE NOT AMOUNTING TO MURDER (Sec. 308 IPC/110 BNS),Electoral Gain,0,0,0,0,,,,,,
83,A - IPC/BNS Crime,ATTEMPT TO CULPABLE HOMICIDE NOT AMOUNTING TO MURDER (Sec. 308 IPC/110 BNS),Gang Rivalry,0,0,0,0,,,,,,
84,A - IPC/BNS Crime,ATTEMPT TO CULPABLE HOMICIDE NOT AMOUNTING TO MURDER (Sec. 308 IPC/110 BNS),Love Intrigue,0,0,0,0,,,,,,
85,A - IPC/BNS Crime,ATTEMPT TO CULPABLE HOMICIDE NOT AMOUNTING TO MURDER (Sec. 308 IPC/110 BNS),Professional ,0,0,0,0,,,,,,
86,A - IPC/BNS Crime,ATTEMPT TO CULPABLE HOMICIDE NOT AMOUNTING TO MURDER (Sec. 308 IPC/110 BNS),Sudden Quarrel,4,1,0,0,,,,,,
87,A - IPC/BNS Crime,"RAPE (Sec.376, 376(A) to 376 (D) IPC/64 TO 71 BNS)",Custodial Rape,0,0,0,0,,,,,,
88,A - IPC/BNS Crime,"RAPE (Sec.376, 376(A) to 376 (D) IPC/64 TO 71 BNS)",Attempt to Commit,9,0,1,2,,,,,,
89,A - IPC/BNS Crime,"RAPE (Sec.376, 376(A) to 376 (D) IPC/64 TO 71 BNS)",By a Gang,8,0,0,1,,,,,,
90,A - IPC/BNS Crime,"RAPE (Sec.376, 376(A) to 376 (D) IPC/64 TO 71 BNS)",By Parents,2,0,0,0,,,,,,
91,A - IPC/BNS Crime,"RAPE (Sec.376, 376(A) to 376 (D) IPC/64 TO 71 BNS)",By Hospital Staff,3,0,1,1,,,,,,
92,A - IPC/BNS Crime,"RAPE (Sec.376, 376(A) to 376 (D) IPC/64 TO 71 BNS)",By Husband During Sepearation,2,0,0,0,,,,,,
93,A - IPC/BNS Crime,"RAPE (Sec.376, 376(A) to 376 (D) IPC/64 TO 71 BNS)",By Neighbours,28,3,1,7,,,,,,
94,A - IPC/BNS Crime,"RAPE (Sec.376, 376(A) to 376 (D) IPC/64 TO 71 BNS)",By Relatives,20,5,2,3,,,,,,
95,A - IPC/BNS Crime,"RAPE (Sec.376, 376(A) to 376 (D) IPC/64 TO 71 BNS)",In Jail Custody,0,0,0,0,,,,,,
96,A - IPC/BNS Crime,"RAPE (Sec.376, 376(A) to 376 (D) IPC/64 TO 71 BNS)",In Remand Home,0,0,0,0,,,,,,
97,A - IPC/BNS Crime,"RAPE (Sec.376, 376(A) to 376 (D) IPC/64 TO 71 BNS)",InCest,0,0,0,0,,,,,,
98,A - IPC/BNS Crime,"RAPE (Sec.376, 376(A) to 376 (D) IPC/64 TO 71 BNS)",Known Person,212,37,30,15,,,,,,
99,A - IPC/BNS Crime,"RAPE (Sec.376, 376(A) to 376 (D) IPC/64 TO 71 BNS)",Unknown Person,12,0,4,1,,,,,,
100,A - IPC/BNS Crime,"RAPE (Sec.376, 376(A) to 376 (D) IPC/64 TO 71 BNS)",Due to Other Causes,253,22,40,39,,,,,,
101,A - IPC/BNS Crime,"RAPE (Sec.376, 376(A) to 376 (D) IPC/64 TO 71 BNS)",On Minor,0,0,0,0,,,,,,
102,A - IPC/BNS Crime,Sexual Intercourse by employing deceitful means (Sec 69 BNS),False promises of marriage,99,1,21,19,,,,,,
103,A - IPC/BNS Crime,Sexual Intercourse by employing deceitful means (Sec 69 BNS),Falsely claiming a job promotion or employment ,1,0,0,0,,,,,,
104,A - IPC/BNS Crime,Sexual Intercourse by employing deceitful means (Sec 69 BNS),Suppressing identity to induce marriage,0,0,0,0,,,,,,
105,A - IPC/BNS Crime,Sexual Intercourse by employing deceitful means (Sec 69 BNS),Other,4,0,1,1,,,,,,
106,A - IPC/BNS Crime,"KIDNAPPING AND ABDUCTION (Sec.360, 361, 363 to 369 IPC/137(1)(A),137(1)(B),137(2),140 TO 142,97 BNS)",Missing - Boy,551,81,88,79,,,,,,
107,A - IPC/BNS Crime,"KIDNAPPING AND ABDUCTION (Sec.360, 361, 363 to 369 IPC/137(1)(A),137(1)(B),137(2),140 TO 142,97 BNS)",Missing - Girl,1621,166,252,228,,,,,,
108,A - IPC/BNS Crime,"KIDNAPPING AND ABDUCTION (Sec.360, 361, 363 to 369 IPC/137(1)(A),137(1)(B),137(2),140 TO 142,97 BNS)",For Ransom - of Children,5,0,1,0,,,,,,
109,A - IPC/BNS Crime,"KIDNAPPING AND ABDUCTION (Sec.360, 361, 363 to 369 IPC/137(1)(A),137(1)(B),137(2),140 TO 142,97 BNS)",For Ransom - of Cildren for Begging,0,0,0,0,,,,,,
110,A - IPC/BNS Crime,"KIDNAPPING AND ABDUCTION (Sec.360, 361, 363 to 369 IPC/137(1)(A),137(1)(B),137(2),140 TO 142,97 BNS)",For Ransom - of Women,7,1,1,2,,,,,,
111,A - IPC/BNS Crime,"KIDNAPPING AND ABDUCTION (Sec.360, 361, 363 to 369 IPC/137(1)(A),137(1)(B),137(2),140 TO 142,97 BNS)",For Ransom - of Girls for Immoral Purpose,0,0,0,0,,,,,,
112,A - IPC/BNS Crime,"KIDNAPPING AND ABDUCTION (Sec.360, 361, 363 to 369 IPC/137(1)(A),137(1)(B),137(2),140 TO 142,97 BNS)",For Ransom - of  Others,39,5,1,12,,,,,,
113,A - IPC/BNS Crime,"KIDNAPPING AND ABDUCTION (Sec.360, 361, 363 to 369 IPC/137(1)(A),137(1)(B),137(2),140 TO 142,97 BNS)",Procuration of Minor Girls - For Prostitution,0,0,0,0,,,,,,
114,A - IPC/BNS Crime,"KIDNAPPING AND ABDUCTION (Sec.360, 361, 363 to 369 IPC/137(1)(A),137(1)(B),137(2),140 TO 142,97 BNS)",Procuration of Minor Girls - Importring of Girl,0,0,0,0,,,,,,
115,A - IPC/BNS Crime,"KIDNAPPING AND ABDUCTION (Sec.360, 361, 363 to 369 IPC/137(1)(A),137(1)(B),137(2),140 TO 142,97 BNS)",Procuration of Minor Girls - For other Purpose,10,2,2,0,,,,,,
116,A - IPC/BNS Crime,"KIDNAPPING AND ABDUCTION (Sec.360, 361, 363 to 369 IPC/137(1)(A),137(1)(B),137(2),140 TO 142,97 BNS)",Espionage,0,0,0,0,,,,,,
117,A - IPC/BNS Crime,"KIDNAPPING AND ABDUCTION (Sec.360, 361, 363 to 369 IPC/137(1)(A),137(1)(B),137(2),140 TO 142,97 BNS)",Intent to Steal From Child,0,0,0,0,,,,,,
118,A - IPC/BNS Crime,"KIDNAPPING AND ABDUCTION (Sec.360, 361, 363 to 369 IPC/137(1)(A),137(1)(B),137(2),140 TO 142,97 BNS)",Murder (Homicide),0,0,0,0,,,,,,
119,A - IPC/BNS Crime,"KIDNAPPING AND ABDUCTION (Sec.360, 361, 363 to 369 IPC/137(1)(A),137(1)(B),137(2),140 TO 142,97 BNS)",Obtain Signature Forcibly,0,0,0,0,,,,,,
120,A - IPC/BNS Crime,"KIDNAPPING AND ABDUCTION (Sec.360, 361, 363 to 369 IPC/137(1)(A),137(1)(B),137(2),140 TO 142,97 BNS)",Recovering Loan,1,0,0,0,,,,,,
121,A - IPC/BNS Crime,"KIDNAPPING AND ABDUCTION (Sec.360, 361, 363 to 369 IPC/137(1)(A),137(1)(B),137(2),140 TO 142,97 BNS)",Settling any Disputes,5,1,2,2,,,,,,
122,A - IPC/BNS Crime,"KIDNAPPING AND ABDUCTION (Sec.360, 361, 363 to 369 IPC/137(1)(A),137(1)(B),137(2),140 TO 142,97 BNS)",Unnatural Lust / Illicit Intercourse,0,0,0,0,,,,,,
123,A - IPC/BNS Crime,"KIDNAPPING AND ABDUCTION (Sec.360, 361, 363 to 369 IPC/137(1)(A),137(1)(B),137(2),140 TO 142,97 BNS)",Wrongful Confinement,9,0,3,2,,,,,,
124,A - IPC/BNS Crime,"KIDNAPPING AND ABDUCTION (Sec.360, 361, 363 to 369 IPC/137(1)(A),137(1)(B),137(2),140 TO 142,97 BNS)",For Exporting,0,0,0,0,,,,,,
125,A - IPC/BNS Crime,"KIDNAPPING AND ABDUCTION (Sec.360, 361, 363 to 369 IPC/137(1)(A),137(1)(B),137(2),140 TO 142,97 BNS)",From Lawful Guardianship,2,1,0,0,,,,,,
126,A - IPC/BNS Crime,"KIDNAPPING AND ABDUCTION (Sec.360, 361, 363 to 369 IPC/137(1)(A),137(1)(B),137(2),140 TO 142,97 BNS)",For Camel Racing Etc.,0,0,0,0,,,,,,
127,A - IPC/BNS Crime,"KIDNAPPING AND ABDUCTION (Sec.360, 361, 363 to 369 IPC/137(1)(A),137(1)(B),137(2),140 TO 142,97 BNS)",To Compel For Marriage,3,0,0,0,,,,,,
128,A - IPC/BNS Crime,"KIDNAPPING AND ABDUCTION (Sec.360, 361, 363 to 369 IPC/137(1)(A),137(1)(B),137(2),140 TO 142,97 BNS)",For Slavery,0,0,0,0,,,,,,
129,A - IPC/BNS Crime,"KIDNAPPING AND ABDUCTION (Sec.360, 361, 363 to 369 IPC/137(1)(A),137(1)(B),137(2),140 TO 142,97 BNS)",For Stealing From its Person,1,0,0,1,,,,,,
130,A - IPC/BNS Crime,"KIDNAPPING AND ABDUCTION (Sec.360, 361, 363 to 369 IPC/137(1)(A),137(1)(B),137(2),140 TO 142,97 BNS)",Others,246,28,33,43,,,,,,
131,A - IPC/BNS Crime,"DACOITY (Sec. 395 to 398 IPC/310(2),310(4),311,312 BNS)",At ATM,0,0,0,0,,,,,,
132,A - IPC/BNS Crime,"DACOITY (Sec. 395 to 398 IPC/310(2),310(4),311,312 BNS)",At Residential Premises,22,2,1,4,,,,,,
133,A - IPC/BNS Crime,"DACOITY (Sec. 395 to 398 IPC/310(2),310(4),311,312 BNS)",On Highways,9,6,1,2,,,,,,
134,A - IPC/BNS Crime,"DACOITY (Sec. 395 to 398 IPC/310(2),310(4),311,312 BNS)",In Trains,1,0,0,0,,,,,,
135,A - IPC/BNS Crime,"DACOITY (Sec. 395 to 398 IPC/310(2),310(4),311,312 BNS)",At Banks,1,0,0,0,,,,,,
136,A - IPC/BNS Crime,"DACOITY (Sec. 395 to 398 IPC/310(2),310(4),311,312 BNS)",At Commercial Places / Establishments,7,4,1,1,,,,,,
137,A - IPC/BNS Crime,"DACOITY (Sec. 395 to 398 IPC/310(2),310(4),311,312 BNS)",On Other Roads,21,4,1,3,,,,,,
138,A - IPC/BNS Crime,"DACOITY (Sec. 395 to 398 IPC/310(2),310(4),311,312 BNS)",In Other Places,17,5,1,4,,,,,,
139,A - IPC/BNS Crime,"DACOITY (Sec. 395 to 398 IPC/310(2),310(4),311,312 BNS)",River & Sea,0,0,0,0,,,,,,
140,A - IPC/BNS Crime,"DACOITY (Sec. 395 to 398 IPC/310(2),310(4),311,312 BNS)",Preparation And Assembly for Dacoity,41,13,4,6,,,,,,
141,A - IPC/BNS Crime,"Robbery (Sec.392 to 394 IPC/309(4),309(5),309(6) BNS)",At ATM,0,0,0,0,,,,,,
142,A - IPC/BNS Crime,"Robbery (Sec.392 to 394 IPC/309(4),309(5),309(6) BNS)",At Residential Premises,59,18,5,12,,,,,,
143,A - IPC/BNS Crime,"Robbery (Sec.392 to 394 IPC/309(4),309(5),309(6) BNS)",On Highways,35,7,10,1,,,,,,
144,A - IPC/BNS Crime,"Robbery (Sec.392 to 394 IPC/309(4),309(5),309(6) BNS)",In Trains,0,1,0,0,,,,,,
145,A - IPC/BNS Crime,"Robbery (Sec.392 to 394 IPC/309(4),309(5),309(6) BNS)",At Banks,0,0,0,0,,,,,,
146,A - IPC/BNS Crime,"Robbery (Sec.392 to 394 IPC/309(4),309(5),309(6) BNS)",At Commercial Places / Establishments,28,2,3,10,,,,,,
147,A - IPC/BNS Crime,"Robbery (Sec.392 to 394 IPC/309(4),309(5),309(6) BNS)",In Other Places,180,35,22,26,,,,,,
148,A - IPC/BNS Crime,"Robbery (Sec.392 to 394 IPC/309(4),309(5),309(6) BNS)",Chain Snatching,290,54,50,40,,,,,,
149,A - IPC/BNS Crime,"Robbery (Sec.392 to 394 IPC/309(4),309(5),309(6) BNS)",Attempt to Commit,26,5,6,6,,,,,,
150,A - IPC/BNS Crime,"BURGLARY - NIGHT (Sec. 380 IPC R/W 453 TO 460, 462 IPC/305,R/W 331(1) TO 331(8),334(2) BNS)",At Residential Premises,1388,233,199,186,,,,,,
151,A - IPC/BNS Crime,"BURGLARY - NIGHT (Sec. 380 IPC R/W 453 TO 460, 462 IPC/305,R/W 331(1) TO 331(8),334(2) BNS)",On Highways,1,1,0,0,,,,,,
152,A - IPC/BNS Crime,"BURGLARY - NIGHT (Sec. 380 IPC R/W 453 TO 460, 462 IPC/305,R/W 331(1) TO 331(8),334(2) BNS)",In Trains,0,0,0,0,,,,,,
153,A - IPC/BNS Crime,"BURGLARY - NIGHT (Sec. 380 IPC R/W 453 TO 460, 462 IPC/305,R/W 331(1) TO 331(8),334(2) BNS)",At Banks,17,2,5,4,,,,,,
154,A - IPC/BNS Crime,"BURGLARY - NIGHT (Sec. 380 IPC R/W 453 TO 460, 462 IPC/305,R/W 331(1) TO 331(8),334(2) BNS)",At Commercial Places / Establishments,373,96,45,78,,,,,,
155,A - IPC/BNS Crime,"BURGLARY - NIGHT (Sec. 380 IPC R/W 453 TO 460, 462 IPC/305,R/W 331(1) TO 331(8),334(2) BNS)",In Other Places,280,55,42,41,,,,,,
156,A - IPC/BNS Crime,"BURGLARY - NIGHT (Sec. 380 IPC R/W 453 TO 460, 462 IPC/305,R/W 331(1) TO 331(8),334(2) BNS)",Temple Theft,181,45,28,37,,,,,,
157,A - IPC/BNS Crime,"BURGLARY - DAY (Sec. 380 IPC R/W 453 TO 460, 462 IPC/305,R/W 331(1) TO 331(8), 334(2) BNS)",At Residential Premises,559,74,79,83,,,,,,
158,A - IPC/BNS Crime,"BURGLARY - DAY (Sec. 380 IPC R/W 453 TO 460, 462 IPC/305,R/W 331(1) TO 331(8), 334(2) BNS)",On Highways,0,0,0,0,,,,,,
159,A - IPC/BNS Crime,"BURGLARY - DAY (Sec. 380 IPC R/W 453 TO 460, 462 IPC/305,R/W 331(1) TO 331(8), 334(2) BNS)",In Trains,0,0,0,0,,,,,,
160,A - IPC/BNS Crime,"BURGLARY - DAY (Sec. 380 IPC R/W 453 TO 460, 462 IPC/305,R/W 331(1) TO 331(8), 334(2) BNS)",At Banks,1,0,0,1,,,,,,
161,A - IPC/BNS Crime,"BURGLARY - DAY (Sec. 380 IPC R/W 453 TO 460, 462 IPC/305,R/W 331(1) TO 331(8), 334(2) BNS)",At Commercial Places / Establishments,20,1,2,5,,,,,,
162,A - IPC/BNS Crime,"BURGLARY - DAY (Sec. 380 IPC R/W 453 TO 460, 462 IPC/305,R/W 331(1) TO 331(8), 334(2) BNS)",In Other Places,24,2,5,6,,,,,,
163,A - IPC/BNS Crime,"BURGLARY - DAY (Sec. 380 IPC R/W 453 TO 460, 462 IPC/305,R/W 331(1) TO 331(8), 334(2) BNS)",Temple Theft,6,0,2,1,,,,,,
164,A - IPC/BNS Crime,THEFT (Sec.379 to 389 IPC/303(2) TO 308(7) BNS),Attempt to commit,31,4,5,2,,,,,,
165,A - IPC/BNS Crime,THEFT (Sec.379 to 389 IPC/303(2) TO 308(7) BNS),Of Automobiles - Of Tractors,54,4,5,7,,,,,,
166,A - IPC/BNS Crime,THEFT (Sec.379 to 389 IPC/303(2) TO 308(7) BNS),In Running Bus,62,11,4,7,,,,,,
167,A - IPC/BNS Crime,THEFT (Sec.379 to 389 IPC/303(2) TO 308(7) BNS),Of Snatching,334,36,53,36,,,,,,
168,A - IPC/BNS Crime,THEFT (Sec.379 to 389 IPC/303(2) TO 308(7) BNS),At ATM,16,4,0,1,,,,,,
169,A - IPC/BNS Crime,THEFT (Sec.379 to 389 IPC/303(2) TO 308(7) BNS),Of Sand,786,92,83,66,,,,,,
170,A - IPC/BNS Crime,THEFT (Sec.379 to 389 IPC/303(2) TO 308(7) BNS),Government Office,19,0,2,5,,,,,,
171,A - IPC/BNS Crime,THEFT (Sec.379 to 389 IPC/303(2) TO 308(7) BNS),Of Mines,42,4,4,2,,,,,,
172,A - IPC/BNS Crime,THEFT (Sec.379 to 389 IPC/303(2) TO 308(7) BNS),Communication And Elec. Wire,150,29,19,25,,,,,,
173,A - IPC/BNS Crime,THEFT (Sec.379 to 389 IPC/303(2) TO 308(7) BNS),Of Cattle,308,45,31,54,,,,,,
174,A - IPC/BNS Crime,THEFT (Sec.379 to 389 IPC/303(2) TO 308(7) BNS),Of Cycle,20,4,0,0,,,,,,
175,A - IPC/BNS Crime,THEFT (Sec.379 to 389 IPC/303(2) TO 308(7) BNS),Of Automobiles - Of Lorries/Trucks,76,10,5,17,,,,,,
176,A - IPC/BNS Crime,THEFT (Sec.379 to 389 IPC/303(2) TO 308(7) BNS),Of Automobiles - Of Buses,1,2,0,0,,,,,,
177,A - IPC/BNS Crime,THEFT (Sec.379 to 389 IPC/303(2) TO 308(7) BNS),Of Automobiles - Of Cars / Jeeps,144,23,19,20,,,,,,
178,A - IPC/BNS Crime,THEFT (Sec.379 to 389 IPC/303(2) TO 308(7) BNS),Of Automobiles - Of Two Wheelers ,5303,993,787,756,,,,,,
179,A - IPC/BNS Crime,THEFT (Sec.379 to 389 IPC/303(2) TO 308(7) BNS),Of Automobies - of Three Wheelers,145,36,20,24,,,,,,
180,A - IPC/BNS Crime,THEFT (Sec.379 to 389 IPC/303(2) TO 308(7) BNS),Of Accessories of Motor Vehicle,144,31,21,12,,,,,,
181,A - IPC/BNS Crime,THEFT (Sec.379 to 389 IPC/303(2) TO 308(7) BNS),Govt. Vehicle,2,1,0,1,,,,,,
182,A - IPC/BNS Crime,THEFT (Sec.379 to 389 IPC/303(2) TO 308(7) BNS),"Electronic Goods (Radio, TV, VCR, Acs, Office Automation Equipments)",582,122,65,93,,,,,,
183,A - IPC/BNS Crime,THEFT (Sec.379 to 389 IPC/303(2) TO 308(7) BNS),Of Fire Arms,6,0,0,2,,,,,,
184,A - IPC/BNS Crime,THEFT (Sec.379 to 389 IPC/303(2) TO 308(7) BNS),Of Explosives,0,0,0,0,,,,,,
185,A - IPC/BNS Crime,THEFT (Sec.379 to 389 IPC/303(2) TO 308(7) BNS),Of Cultural - Idols,8,0,1,2,,,,,,
186,A - IPC/BNS Crime,THEFT (Sec.379 to 389 IPC/303(2) TO 308(7) BNS),Of Cultural - Painting,0,0,0,0,,,,,,
187,A - IPC/BNS Crime,THEFT (Sec.379 to 389 IPC/303(2) TO 308(7) BNS),Of Cultrual - Others,132,16,17,26,,,,,,
188,A - IPC/BNS Crime,THEFT (Sec.379 to 389 IPC/303(2) TO 308(7) BNS),Cash,300,56,39,46,,,,,,
189,A - IPC/BNS Crime,THEFT (Sec.379 to 389 IPC/303(2) TO 308(7) BNS),Jewellery,901,98,108,92,,,,,,
190,A - IPC/BNS Crime,THEFT (Sec.379 to 389 IPC/303(2) TO 308(7) BNS),Other Items Not Included Above,994,131,119,155,,,,,,
191,A - IPC/BNS Crime,THEFT (Sec.379 to 389 IPC/303(2) TO 308(7) BNS),In Running Train,30,5,1,4,,,,,,
192,A - IPC/BNS Crime,THEFT (Sec.379 to 389 IPC/303(2) TO 308(7) BNS),Extortion,161,23,24,25,,,,,,
193,A - IPC/BNS Crime,THEFT (Sec.379 to 389 IPC/303(2) TO 308(7) BNS),House Theft,1084,168,181,157,,,,,,
194,A - IPC/BNS Crime,THEFT (Sec.379 to 389 IPC/303(2) TO 308(7) BNS),Servant Theft,286,46,51,42,,,,,,
195,A - IPC/BNS Crime,"RIOTS (Sec.141 to 153 IPC/189(1) TO 189(6),191(1)TO 191(3), 190,192,195 BNS))",Land Dispute,630,81,126,90,,,,,,
196,A - IPC/BNS Crime,"RIOTS (Sec.141 to 153 IPC/189(1) TO 189(6),191(1)TO 191(3), 190,192,195 BNS))",Employee - Govt.,1,0,0,1,,,,,,
197,A - IPC/BNS Crime,"RIOTS (Sec.141 to 153 IPC/189(1) TO 189(6),191(1)TO 191(3), 190,192,195 BNS))",Labour - Private Sector,1,0,0,1,,,,,,
198,A - IPC/BNS Crime,"RIOTS (Sec.141 to 153 IPC/189(1) TO 189(6),191(1)TO 191(3), 190,192,195 BNS))",Labour - Public Sector,1,0,1,0,,,,,,
199,A - IPC/BNS Crime,"RIOTS (Sec.141 to 153 IPC/189(1) TO 189(6),191(1)TO 191(3), 190,192,195 BNS))",Linguistic,2,0,1,1,,,,,,
200,A - IPC/BNS Crime,"RIOTS (Sec.141 to 153 IPC/189(1) TO 189(6),191(1)TO 191(3), 190,192,195 BNS))",Political ,3,0,0,0,,,,,,
201,A - IPC/BNS Crime,"RIOTS (Sec.141 to 153 IPC/189(1) TO 189(6),191(1)TO 191(3), 190,192,195 BNS))",Regional,2,0,0,0,,,,,,
202,A - IPC/BNS Crime,"RIOTS (Sec.141 to 153 IPC/189(1) TO 189(6),191(1)TO 191(3), 190,192,195 BNS))",Sectarian,0,0,0,0,,,,,,
203,A - IPC/BNS Crime,"RIOTS (Sec.141 to 153 IPC/189(1) TO 189(6),191(1)TO 191(3), 190,192,195 BNS))",Students,2,0,0,0,,,,,,
204,A - IPC/BNS Crime,"RIOTS (Sec.141 to 153 IPC/189(1) TO 189(6),191(1)TO 191(3), 190,192,195 BNS))",Tribal,0,0,0,0,,,,,,
205,A - IPC/BNS Crime,"RIOTS (Sec.141 to 153 IPC/189(1) TO 189(6),191(1)TO 191(3), 190,192,195 BNS))",Due to Village Disputes,9,0,0,0,,,,,,
206,A - IPC/BNS Crime,"RIOTS (Sec.141 to 153 IPC/189(1) TO 189(6),191(1)TO 191(3), 190,192,195 BNS))",Communal,4,0,1,1,,,,,,
207,A - IPC/BNS Crime,"RIOTS (Sec.141 to 153 IPC/189(1) TO 189(6),191(1)TO 191(3), 190,192,195 BNS))",Industrial,2,0,0,0,,,,,,
208,A - IPC/BNS Crime,"RIOTS (Sec.141 to 153 IPC/189(1) TO 189(6),191(1)TO 191(3), 190,192,195 BNS))",Caste,3,0,1,0,,,,,,
209,A - IPC/BNS Crime,"RIOTS (Sec.141 to 153 IPC/189(1) TO 189(6),191(1)TO 191(3), 190,192,195 BNS))",Agrarian,0,0,0,0,,,,,,
210,A - IPC/BNS Crime,"RIOTS (Sec.141 to 153 IPC/189(1) TO 189(6),191(1)TO 191(3), 190,192,195 BNS))",Others,1389,159,228,169,,,,,,
211,A - IPC/BNS Crime,"OFFENCES AGAINST STATE (Sec. 121 to 130, except 124(A) IPC/147 TO 158 BNS)",NA,0,0,0,0,,,,,,
212,A - IPC/BNS Crime,"OFFENCES PROMOTING ENEMITY (Sec. 153(A), 154(B) & 505 IPC/196, 197 & 353 BNS",NA,114,7,19,12,,,,,,
213,A - IPC/BNS Crime,CRIMINAL BREACH OF TRUST (Sec. 406 to 409 IPC/316(2) to 316(5) BNS),NA,413,51,66,67,,,,,,
214,A - IPC/BNS Crime,"CHEATING (Sec.417 to 420 IPC/318(2)to 318(4), 319(2) BNS)",NA,3350,613,441,502,,,,,,
215,A - IPC/BNS Crime,"COUNTERFEITING (Sec. 231 to 263 (A), 489(A) to 489 (E) IPC/178 TO 185 BNS)","Stock Share, Debentrue Certificate",0,0,0,0,,,,,,
216,A - IPC/BNS Crime,"COUNTERFEITING (Sec. 231 to 263 (A), 489(A) to 489 (E) IPC/178 TO 185 BNS)",Usage of Counterfeit Stamp,0,0,0,0,,,,,,
217,A - IPC/BNS Crime,"COUNTERFEITING (Sec. 231 to 263 (A), 489(A) to 489 (E) IPC/178 TO 185 BNS)",Of Coins (Sec 231 to 254 IPC/ 178 to 181 BNS),0,0,0,0,,,,,,
218,A - IPC/BNS Crime,"COUNTERFEITING (Sec. 231 to 263 (A), 489(A) to 489 (E) IPC/178 TO 185 BNS)","Of Stamps (Sec 255 To 263(A) IPC/179 to 186
BNS)",0,0,0,0,,,,,,
219,A - IPC/BNS Crime,"COUNTERFEITING (Sec. 231 to 263 (A), 489(A) to 489 (E) IPC/178 TO 185 BNS)","Of Currency Notes And Bank Notes (Sec 489
(A) To 489 (E) IPC/ 178 to 182 BNS)",23,1,5,4,,,,,,
220,A - IPC/BNS Crime,"COUNTERFEITING (Sec. 231 to 263 (A), 489(A) to 489 (E) IPC/178 TO 185 BNS)",Of Others,0,0,0,0,,,,,,
221,A - IPC/BNS Crime,"FORGERY (Sec. 465, 468, 471, 473, 476, 477 & 477(A) IPC/336(2),336(3),340(2),341(2),342(2),343,
344 BNS)",Forgery  ,252,41,36,38,,,,,,
222,A - IPC/BNS Crime,"FORGERY (Sec. 465, 468, 471, 473, 476, 477 & 477(A) IPC/336(2),336(3),340(2),341(2),342(2),343,
344 BNS)",Organised (Racket),0,0,0,0,,,,,,
223,A - IPC/BNS Crime,"FORGERY (Sec. 465, 468, 471, 473, 476, 477 & 477(A) IPC/336(2),336(3),340(2),341(2),342(2),343,
344 BNS)",Forgery of Passport,0,0,0,0,,,,,,
224,A - IPC/BNS Crime,"FORGERY (Sec. 465, 468, 471, 473, 476, 477 & 477(A) IPC/336(2),336(3),340(2),341(2),342(2),343,
344 BNS)",Other Forgery,101,8,11,12,,,,,,
225,A - IPC/BNS Crime,"CASES OF HURT (Sec. 323 to 335 IPC except 328, 332, 333/115(2) TO 122(2) EXCEPT 121(1),121(2) BNS)",Acid Attack (326(a) IPC/124(1) BNS),1,0,1,0,,,,,,
226,A - IPC/BNS Crime,"CASES OF HURT (Sec. 323 to 335 IPC except 328, 332, 333/115(2) TO 122(2) EXCEPT 121(1),121(2) BNS)","Attempt to Acid Attack  (326(b) IPC/ 124(2)
BNS",7,0,0,2,,,,,,
227,A - IPC/BNS Crime,"CASES OF HURT (Sec. 323 to 335 IPC except 328, 332, 333/115(2) TO 122(2) EXCEPT 121(1),121(2) BNS)",Grievous Hurt,715,105,98,91,,,,,,
228,A - IPC/BNS Crime,"CASES OF HURT (Sec. 323 to 335 IPC except 328, 332, 333/115(2) TO 122(2) EXCEPT 121(1),121(2) BNS)",Simple Hurt,9114,1080,1337,1261,,,,,,
229,A - IPC/BNS Crime,"CASES OF HURT (Sec. 323 to 335 IPC except 328, 332, 333/115(2) TO 122(2) EXCEPT 121(1),121(2) BNS)",Custodial,1,0,0,0,,,,,,
230,A - IPC/BNS Crime,"ADULTERATION (Sec. 272, 273 to 276 IPC/274,275 TO 278 BNS)",Attempt to Commit,0,0,0,0,,,,,,
231,A - IPC/BNS Crime,"ADULTERATION (Sec. 272, 273 to 276 IPC/274,275 TO 278 BNS)",Alcoholic Drink (Liquor),4,1,0,0,,,,,,
232,A - IPC/BNS Crime,"ADULTERATION (Sec. 272, 273 to 276 IPC/274,275 TO 278 BNS)",Cement & Chemical/Fertiliser,0,0,0,0,,,,,,
233,A - IPC/BNS Crime,"ADULTERATION (Sec. 272, 273 to 276 IPC/274,275 TO 278 BNS)",Cosmetics,0,0,0,0,,,,,,
234,A - IPC/BNS Crime,"ADULTERATION (Sec. 272, 273 to 276 IPC/274,275 TO 278 BNS)",Diesel,0,0,0,0,,,,,,
235,A - IPC/BNS Crime,"ADULTERATION (Sec. 272, 273 to 276 IPC/274,275 TO 278 BNS)",Drug/Medicine,3,0,1,0,,,,,,
236,A - IPC/BNS Crime,"ADULTERATION (Sec. 272, 273 to 276 IPC/274,275 TO 278 BNS)",Edible Oil,0,0,0,0,,,,,,
237,A - IPC/BNS Crime,"ADULTERATION (Sec. 272, 273 to 276 IPC/274,275 TO 278 BNS)",Food Grain,1,0,0,0,,,,,,
238,A - IPC/BNS Crime,"ADULTERATION (Sec. 272, 273 to 276 IPC/274,275 TO 278 BNS)",Kerosene,0,0,0,0,,,,,,
239,A - IPC/BNS Crime,"ADULTERATION (Sec. 272, 273 to 276 IPC/274,275 TO 278 BNS)",Life Saving Drug,0,0,0,0,,,,,,
240,A - IPC/BNS Crime,"ADULTERATION (Sec. 272, 273 to 276 IPC/274,275 TO 278 BNS)",Mobile Oil,0,0,0,0,,,,,,
241,A - IPC/BNS Crime,"ADULTERATION (Sec. 272, 273 to 276 IPC/274,275 TO 278 BNS)",Petrol,0,0,0,0,,,,,,
242,A - IPC/BNS Crime,"ADULTERATION (Sec. 272, 273 to 276 IPC/274,275 TO 278 BNS)",Petroleum Product,0,0,0,0,,,,,,
243,A - IPC/BNS Crime,"ADULTERATION (Sec. 272, 273 to 276 IPC/274,275 TO 278 BNS)",Soft Drinks,0,0,0,0,,,,,,
244,A - IPC/BNS Crime,"ADULTERATION (Sec. 272, 273 to 276 IPC/274,275 TO 278 BNS)",Spices,0,0,0,0,,,,,,
245,A - IPC/BNS Crime,"ADULTERATION (Sec. 272, 273 to 276 IPC/274,275 TO 278 BNS)",Others,7,2,1,2,,,,,,
246,A - IPC/BNS Crime,AFFRAY (Sec. 160 IPC/194(2) BNS),,420,38,50,72,,,,,,
247,A - IPC/BNS Crime,"ARSON (Sec. 435, 436, 438 IPC/326(f),326(g),327(g) BNS)",Agricultural Produce,30,1,2,3,,,,,,
248,A - IPC/BNS Crime,"ARSON (Sec. 435, 436, 438 IPC/326(f),326(g),327(g) BNS)",Attemp to Commit,0,0,0,0,,,,,,
249,A - IPC/BNS Crime,"ARSON (Sec. 435, 436, 438 IPC/326(f),326(g),327(g) BNS)",Boat / Ship,0,0,0,0,,,,,,
250,A - IPC/BNS Crime,"ARSON (Sec. 435, 436, 438 IPC/326(f),326(g),327(g) BNS)",Dwelling House,10,3,2,3,,,,,,
251,A - IPC/BNS Crime,"ARSON (Sec. 435, 436, 438 IPC/326(f),326(g),327(g) BNS)",Educational Institution,1,0,0,0,,,,,,
252,A - IPC/BNS Crime,"ARSON (Sec. 435, 436, 438 IPC/326(f),326(g),327(g) BNS)",Govt. Property,3,1,0,0,,,,,,
253,A - IPC/BNS Crime,"ARSON (Sec. 435, 436, 438 IPC/326(f),326(g),327(g) BNS)",Industrial Establishment,0,1,0,0,,,,,,
254,A - IPC/BNS Crime,"ARSON (Sec. 435, 436, 438 IPC/326(f),326(g),327(g) BNS)",Place of worship,1,0,0,0,,,,,,
255,A - IPC/BNS Crime,"ARSON (Sec. 435, 436, 438 IPC/326(f),326(g),327(g) BNS)",Public Place,7,1,0,1,,,,,,
256,A - IPC/BNS Crime,"ARSON (Sec. 435, 436, 438 IPC/326(f),326(g),327(g) BNS)",Railway Property,0,0,0,0,,,,,,
257,A - IPC/BNS Crime,"ARSON (Sec. 435, 436, 438 IPC/326(f),326(g),327(g) BNS)",Vital Installation,0,0,0,0,,,,,,
258,A - IPC/BNS Crime,"ARSON (Sec. 435, 436, 438 IPC/326(f),326(g),327(g) BNS)",Warehouse (Godown),2,0,0,0,,,,,,
259,A - IPC/BNS Crime,"ARSON (Sec. 435, 436, 438 IPC/326(f),326(g),327(g) BNS)",Others,67,4,7,6,,,,,,
260,A - IPC/BNS Crime,"ASSAULT (Sec 356, 357 IPC/134,135 BNS)",Attempt To Commit,4,0,1,0,,,,,,
261,A - IPC/BNS Crime,"ASSAULT (Sec 356, 357 IPC/134,135 BNS)",On Contractor,0,0,0,0,,,,,,
262,A - IPC/BNS Crime,"ASSAULT (Sec 356, 357 IPC/134,135 BNS)",On Domestic Servant,0,0,0,0,,,,,,
263,A - IPC/BNS Crime,"ASSAULT (Sec 356, 357 IPC/134,135 BNS)",On Labourer,1,0,0,0,,,,,,
264,A - IPC/BNS Crime,"ASSAULT (Sec 356, 357 IPC/134,135 BNS)",On Man (General),8,0,1,1,,,,,,
265,A - IPC/BNS Crime,"ASSAULT (Sec 356, 357 IPC/134,135 BNS)",On Man (SC),0,0,0,0,,,,,,
266,A - IPC/BNS Crime,"ASSAULT (Sec 356, 357 IPC/134,135 BNS)",On Man (ST),0,0,0,0,,,,,,
267,A - IPC/BNS Crime,"ASSAULT (Sec 356, 357 IPC/134,135 BNS)",On Manager/Executive (Other Than Public Servant),0,0,0,0,,,,,,
268,A - IPC/BNS Crime,"ASSAULT (Sec 356, 357 IPC/134,135 BNS)","On Member of Clergy (Christian, Budhist, Jain, Sikh)",0,0,0,0,,,,,,
269,A - IPC/BNS Crime,"ASSAULT (Sec 356, 357 IPC/134,135 BNS)",Member of Legislative Assembly / Council (MLA/MLC),0,0,0,0,,,,,,
270,A - IPC/BNS Crime,"ASSAULT (Sec 356, 357 IPC/134,135 BNS)",On Member of Parliament (MP),0,0,0,0,,,,,,
271,A - IPC/BNS Crime,"ASSAULT (Sec 356, 357 IPC/134,135 BNS)",On other Dignitaries /Public Figures,1,0,0,1,,,,,,
272,A - IPC/BNS Crime,"ASSAULT (Sec 356, 357 IPC/134,135 BNS)",On Press,0,0,0,0,,,,,,
273,A - IPC/BNS Crime,"ASSAULT (Sec 356, 357 IPC/134,135 BNS)",On Professional ,0,0,0,0,,,,,,
274,A - IPC/BNS Crime,"ASSAULT (Sec 356, 357 IPC/134,135 BNS)",On Public Servant,0,0,0,0,,,,,,
275,A - IPC/BNS Crime,"ASSAULT (Sec 356, 357 IPC/134,135 BNS)",On Student,0,0,0,0,,,,,,
276,A - IPC/BNS Crime,"ASSAULT (Sec 356, 357 IPC/134,135 BNS)",On Teacher,0,0,0,0,,,,,,
277,A - IPC/BNS Crime,"ASSAULT (Sec 356, 357 IPC/134,135 BNS)",On Women (General),0,1,0,0,,,,,,
278,A - IPC/BNS Crime,"ASSAULT (Sec 356, 357 IPC/134,135 BNS)",On Woman (SC),0,0,0,0,,,,,,
279,A - IPC/BNS Crime,"ASSAULT (Sec 356, 357 IPC/134,135 BNS)",On Woman (ST),0,0,0,0,,,,,,
280,A - IPC/BNS Crime,COMMUNAL / RELIGION (Sec. 295 to 297 IPC/298 TO 301 BNS),Attempt to Commit,1,0,0,0,,,,,,
281,A - IPC/BNS Crime,COMMUNAL / RELIGION (Sec. 295 to 297 IPC/298 TO 301 BNS),Caste Issue,3,2,1,0,,,,,,
282,A - IPC/BNS Crime,COMMUNAL / RELIGION (Sec. 295 to 297 IPC/298 TO 301 BNS),Communal Issue,26,2,4,1,,,,,,
283,A - IPC/BNS Crime,COMMUNAL / RELIGION (Sec. 295 to 297 IPC/298 TO 301 BNS),Linguistic Issue,0,0,0,0,,,,,,
284,A - IPC/BNS Crime,COMMUNAL / RELIGION (Sec. 295 to 297 IPC/298 TO 301 BNS),Political Issue,1,0,0,1,,,,,,
285,A - IPC/BNS Crime,COMMUNAL / RELIGION (Sec. 295 to 297 IPC/298 TO 301 BNS),Racial/Ethnic Issue,0,0,0,0,,,,,,
286,A - IPC/BNS Crime,COMMUNAL / RELIGION (Sec. 295 to 297 IPC/298 TO 301 BNS),Regional Issue,9,0,0,0,,,,,,
287,A - IPC/BNS Crime,COMMUNAL / RELIGION (Sec. 295 to 297 IPC/298 TO 301 BNS),Religious Issue,58,9,5,6,,,,,,
288,A - IPC/BNS Crime,COMMUNAL / RELIGION (Sec. 295 to 297 IPC/298 TO 301 BNS),Sectarian Issue,0,0,0,0,,,,,,
289,A - IPC/BNS Crime,COMMUNAL / RELIGION (Sec. 295 to 297 IPC/298 TO 301 BNS),Others,53,2,9,5,,,,,,
290,A - IPC/BNS Crime,"CRIMINAL CONSPIRACY (Sec. 120(B), 121(A) IPC/61(2),148 BNS)",Conspiracy To Wage War,0,0,0,0,,,,,,
291,A - IPC/BNS Crime,"CRIMINAL CONSPIRACY (Sec. 120(B), 121(A) IPC/61(2),148 BNS)",Related to Substantive Offence,0,0,0,0,,,,,,
292,A - IPC/BNS Crime,"CRIMINAL CONSPIRACY (Sec. 120(B), 121(A) IPC/61(2),148 BNS)",Others,9,0,1,0,,,,,,
293,A - IPC/BNS Crime,CRIMINAL INTIMIDATION (Sec. 504 to 508 IPC/352 TO 354 BNS),NA,1893,237,292,263,,,,,,
294,A - IPC/BNS Crime,"CRIMINAL MISAPPROPRIATION (Sec. 403, 404 IPC/314,315 BNS)",Attempt to Commit,0,0,0,0,,,,,,
295,A - IPC/BNS Crime,"CRIMINAL MISAPPROPRIATION (Sec. 403, 404 IPC/314,315 BNS)",Bank,1,0,0,0,,,,,,
296,A - IPC/BNS Crime,"CRIMINAL MISAPPROPRIATION (Sec. 403, 404 IPC/314,315 BNS)",Business Establishment,1,0,0,0,,,,,,
297,A - IPC/BNS Crime,"CRIMINAL MISAPPROPRIATION (Sec. 403, 404 IPC/314,315 BNS)",Charitable Organisation,0,0,0,0,,,,,,
298,A - IPC/BNS Crime,"CRIMINAL MISAPPROPRIATION (Sec. 403, 404 IPC/314,315 BNS)",Chitfund Organisation,0,0,0,0,,,,,,
299,A - IPC/BNS Crime,"CRIMINAL MISAPPROPRIATION (Sec. 403, 404 IPC/314,315 BNS)",Co-operative Organisation,3,0,1,0,,,,,,
300,A - IPC/BNS Crime,"CRIMINAL MISAPPROPRIATION (Sec. 403, 404 IPC/314,315 BNS)",Commercial Establishment/Shop,0,0,0,0,,,,,,
301,A - IPC/BNS Crime,"CRIMINAL MISAPPROPRIATION (Sec. 403, 404 IPC/314,315 BNS)",Customs Department,0,0,0,0,,,,,,
302,A - IPC/BNS Crime,"CRIMINAL MISAPPROPRIATION (Sec. 403, 404 IPC/314,315 BNS)",Excise Department,0,0,0,0,,,,,,
303,A - IPC/BNS Crime,"CRIMINAL MISAPPROPRIATION (Sec. 403, 404 IPC/314,315 BNS)",Financial Institution,0,0,0,0,,,,,,
304,A - IPC/BNS Crime,"CRIMINAL MISAPPROPRIATION (Sec. 403, 404 IPC/314,315 BNS)",Income Tax Department,0,0,0,0,,,,,,
305,A - IPC/BNS Crime,"CRIMINAL MISAPPROPRIATION (Sec. 403, 404 IPC/314,315 BNS)",Other Government Organisation,1,0,0,0,,,,,,
306,A - IPC/BNS Crime,"CRIMINAL MISAPPROPRIATION (Sec. 403, 404 IPC/314,315 BNS)",Postal Department,0,0,0,0,,,,,,
307,A - IPC/BNS Crime,"CRIMINAL MISAPPROPRIATION (Sec. 403, 404 IPC/314,315 BNS)",Public Sector Undertakings,0,0,0,0,,,,,,
308,A - IPC/BNS Crime,"CRIMINAL MISAPPROPRIATION (Sec. 403, 404 IPC/314,315 BNS)",Railway Department,0,0,0,0,,,,,,
309,A - IPC/BNS Crime,"CRIMINAL MISAPPROPRIATION (Sec. 403, 404 IPC/314,315 BNS)",Revenue Department,0,0,0,0,,,,,,
310,A - IPC/BNS Crime,"CRIMINAL MISAPPROPRIATION (Sec. 403, 404 IPC/314,315 BNS)",Sales Tax Department,0,0,0,0,,,,,,
311,A - IPC/BNS Crime,"CRIMINAL MISAPPROPRIATION (Sec. 403, 404 IPC/314,315 BNS)",Social Organisation (Aided) (N),0,0,0,0,,,,,,
312,A - IPC/BNS Crime,"CRIMINAL MISAPPROPRIATION (Sec. 403, 404 IPC/314,315 BNS)",Transport Authority,0,0,0,0,,,,,,
313,A - IPC/BNS Crime,"CRIMINAL MISAPPROPRIATION (Sec. 403, 404 IPC/314,315 BNS)",Trust - Other than religious,1,0,1,0,,,,,,
314,A - IPC/BNS Crime,"CRIMINAL MISAPPROPRIATION (Sec. 403, 404 IPC/314,315 BNS)",Trust - Religious,0,0,0,0,,,,,,
315,A - IPC/BNS Crime,"CRIMINAL MISAPPROPRIATION (Sec. 403, 404 IPC/314,315 BNS)",Others,3,1,1,0,,,,,,
316,A - IPC/BNS Crime,CRIMINAL TRESPASS (Sec.447 to 452 IPC/329(3) TO 333 BNS),Attempt to Commit,8,0,1,3,,,,,,
317,A - IPC/BNS Crime,CRIMINAL TRESPASS (Sec.447 to 452 IPC/329(3) TO 333 BNS),Club,3,0,0,0,,,,,,
318,A - IPC/BNS Crime,CRIMINAL TRESPASS (Sec.447 to 452 IPC/329(3) TO 333 BNS),Hostel,2,1,0,1,,,,,,
319,A - IPC/BNS Crime,CRIMINAL TRESPASS (Sec.447 to 452 IPC/329(3) TO 333 BNS),Hotel,5,1,0,1,,,,,,
320,A - IPC/BNS Crime,CRIMINAL TRESPASS (Sec.447 to 452 IPC/329(3) TO 333 BNS),House,435,51,63,60,,,,,,
321,A - IPC/BNS Crime,CRIMINAL TRESPASS (Sec.447 to 452 IPC/329(3) TO 333 BNS),Land,1016,141,174,195,,,,,,
322,A - IPC/BNS Crime,CRIMINAL TRESPASS (Sec.447 to 452 IPC/329(3) TO 333 BNS),Office,39,4,6,6,,,,,,
323,A - IPC/BNS Crime,CRIMINAL TRESPASS (Sec.447 to 452 IPC/329(3) TO 333 BNS),Prohibited Places,8,1,1,0,,,,,,
324,A - IPC/BNS Crime,CRIMINAL TRESPASS (Sec.447 to 452 IPC/329(3) TO 333 BNS),Religious Place,4,1,0,2,,,,,,
325,A - IPC/BNS Crime,CRIMINAL TRESPASS (Sec.447 to 452 IPC/329(3) TO 333 BNS),Restricted Area,5,0,0,0,,,,,,
326,A - IPC/BNS Crime,CRIMINAL TRESPASS (Sec.447 to 452 IPC/329(3) TO 333 BNS),Others,122,15,14,20,,,,,,
327,A - IPC/BNS Crime,CRUELTY BY HUSBAND (Sec. 498(A) IPC/85 BNS),Husband ,603,79,89,91,,,,,,
328,A - IPC/BNS Crime,CRUELTY BY HUSBAND (Sec. 498(A) IPC/85 BNS),Husband And Relative(S) in Law,767,116,119,116,,,,,,
329,A - IPC/BNS Crime,CRUELTY BY HUSBAND (Sec. 498(A) IPC/85 BNS),Relative(S) in Law,18,1,1,4,,,,,,
330,A - IPC/BNS Crime,CRUELTY BY HUSBAND (Sec. 498(A) IPC/85 BNS),Dowry Harassment,289,23,40,51,,,,,,
331,A - IPC/BNS Crime,DOWRY DEATHS (Sec.304(B) IPC/80 BNS),By Husband  ,2,1,0,1,,,,,,
332,A - IPC/BNS Crime,DOWRY DEATHS (Sec.304(B) IPC/80 BNS),By Husband And Relatives In Law,24,5,1,2,,,,,,
333,A - IPC/BNS Crime,DOWRY DEATHS (Sec.304(B) IPC/80 BNS),By Relatives in Law,1,0,0,0,,,,,,
334,A - IPC/BNS Crime,DOWRY DEATHS (Sec.304(B) IPC/80 BNS),By Burning,1,0,0,0,,,,,,
335,A - IPC/BNS Crime,DOWRY DEATHS (Sec.304(B) IPC/80 BNS),By Hanging,36,4,6,6,,,,,,
336,A - IPC/BNS Crime,DOWRY DEATHS (Sec.304(B) IPC/80 BNS),By Other Means,6,0,0,3,,,,,,
337,A - IPC/BNS Crime,DEATHS DUE TO RASHNESS/NEGLIGENCE (Sec.304(A) IPC/106 BNS),Electrocution,11,2,2,0,,,,,,
338,A - IPC/BNS Crime,DEATHS DUE TO RASHNESS/NEGLIGENCE (Sec.304(A) IPC/106 BNS),Adulterated Food/Drug,0,0,0,0,,,,,,
339,A - IPC/BNS Crime,DEATHS DUE TO RASHNESS/NEGLIGENCE (Sec.304(A) IPC/106 BNS),Accident by Air,0,0,0,0,,,,,,
340,A - IPC/BNS Crime,DEATHS DUE TO RASHNESS/NEGLIGENCE (Sec.304(A) IPC/106 BNS),Boad Accident,0,0,0,0,,,,,,
341,A - IPC/BNS Crime,DEATHS DUE TO RASHNESS/NEGLIGENCE (Sec.304(A) IPC/106 BNS),Bridge/Dam Collapse,1,0,1,0,,,,,,
342,A - IPC/BNS Crime,DEATHS DUE TO RASHNESS/NEGLIGENCE (Sec.304(A) IPC/106 BNS),Building Collapse,2,0,0,0,,,,,,
343,A - IPC/BNS Crime,DEATHS DUE TO RASHNESS/NEGLIGENCE (Sec.304(A) IPC/106 BNS),Caused By Animal,1,0,0,0,,,,,,
344,A - IPC/BNS Crime,DEATHS DUE TO RASHNESS/NEGLIGENCE (Sec.304(A) IPC/106 BNS),Death Due to Other Cause,40,7,7,6,,,,,,
345,A - IPC/BNS Crime,DEATHS DUE TO RASHNESS/NEGLIGENCE (Sec.304(A) IPC/106 BNS),Electrocution Accident,26,8,5,4,,,,,,
346,A - IPC/BNS Crime,DEATHS DUE TO RASHNESS/NEGLIGENCE (Sec.304(A) IPC/106 BNS),Explosion Accident,0,0,0,0,,,,,,
347,A - IPC/BNS Crime,DEATHS DUE TO RASHNESS/NEGLIGENCE (Sec.304(A) IPC/106 BNS),Fire accident,0,0,0,0,,,,,,
348,A - IPC/BNS Crime,DEATHS DUE TO RASHNESS/NEGLIGENCE (Sec.304(A) IPC/106 BNS),Gas Leakage Accident,2,0,1,0,,,,,,
349,A - IPC/BNS Crime,DEATHS DUE TO RASHNESS/NEGLIGENCE (Sec.304(A) IPC/106 BNS),Improper Infrastucture In Construction,43,9,6,5,,,,,,
350,A - IPC/BNS Crime,DEATHS DUE TO RASHNESS/NEGLIGENCE (Sec.304(A) IPC/106 BNS),Improper Medical Treatment,4,0,0,1,,,,,,
351,A - IPC/BNS Crime,DEATHS DUE TO RASHNESS/NEGLIGENCE (Sec.304(A) IPC/106 BNS),In Custody of Public Servant,0,0,0,0,,,,,,
352,A - IPC/BNS Crime,DEATHS DUE TO RASHNESS/NEGLIGENCE (Sec.304(A) IPC/106 BNS),In Jail/Judicial Custody,0,0,0,0,,,,,,
353,A - IPC/BNS Crime,DEATHS DUE TO RASHNESS/NEGLIGENCE (Sec.304(A) IPC/106 BNS),In Police Custody,0,0,0,0,,,,,,
354,A - IPC/BNS Crime,DEATHS DUE TO RASHNESS/NEGLIGENCE (Sec.304(A) IPC/106 BNS),Industrial Accident (Factory),5,0,1,2,,,,,,
355,A - IPC/BNS Crime,DEATHS DUE TO RASHNESS/NEGLIGENCE (Sec.304(A) IPC/106 BNS),Inflammable Substance,0,0,0,0,,,,,,
356,A - IPC/BNS Crime,DEATHS DUE TO RASHNESS/NEGLIGENCE (Sec.304(A) IPC/106 BNS),Mine Accident,2,0,0,0,,,,,,
357,A - IPC/BNS Crime,DEATHS DUE TO RASHNESS/NEGLIGENCE (Sec.304(A) IPC/106 BNS),Poisonous Substance,0,0,0,0,,,,,,
358,A - IPC/BNS Crime,DEATHS DUE TO RASHNESS/NEGLIGENCE (Sec.304(A) IPC/106 BNS),Quarry Accident,0,0,0,0,,,,,,
359,A - IPC/BNS Crime,DEATHS DUE TO RASHNESS/NEGLIGENCE (Sec.304(A) IPC/106 BNS),Spurious Liquor (Hooch) Accident,0,1,0,0,,,,,,
360,A - IPC/BNS Crime,DEATHS DUE TO RASHNESS/NEGLIGENCE (Sec.304(A) IPC/106 BNS),Railway Accident,0,0,0,0,,,,,,
361,A - IPC/BNS Crime,DEATHS DUE TO RASHNESS/NEGLIGENCE (Sec.304(A) IPC/106 BNS),Others,54,4,10,6,,,,,,
362,A - IPC/BNS Crime,MOTOR VEHICLE ACCIDENTS FATAL (Sec.304(A) IPC/106 BNS),National Highways,2354,290,327,252,,,,,,
363,A - IPC/BNS Crime,MOTOR VEHICLE ACCIDENTS FATAL (Sec.304(A) IPC/106 BNS),State Highways,1845,208,219,206,,,,,,
364,A - IPC/BNS Crime,MOTOR VEHICLE ACCIDENTS FATAL (Sec.304(A) IPC/106 BNS),Other Roads,2451,297,310,283,,,,,,
365,A - IPC/BNS Crime,MOTOR VEHICLE ACCIDENTS FATAL (Sec.304(A) IPC/106 BNS),Other Places,92,10,11,6,,,,,,
366,A - IPC/BNS Crime,"MOTOR VEHICLE ACCIDENTS NON-FATAL (Sec.279, 337, 338 IPC/281,125(a),125(b) BNS)",National Highways,5975,747,806,776,,,,,,
367,A - IPC/BNS Crime,"MOTOR VEHICLE ACCIDENTS NON-FATAL (Sec.279, 337, 338 IPC/281,125(a),125(b) BNS)",State Highways,4204,507,543,526,,,,,,
368,A - IPC/BNS Crime,"MOTOR VEHICLE ACCIDENTS NON-FATAL (Sec.279, 337, 338 IPC/281,125(a),125(b) BNS)",Other Roads,7981,1028,1165,1134,,,,,,
369,A - IPC/BNS Crime,"MOTOR VEHICLE ACCIDENTS NON-FATAL (Sec.279, 337, 338 IPC/281,125(a),125(b) BNS)",Other Places,247,21,27,26,,,,,,
370,A - IPC/BNS Crime,"DEATHS-MISCARRIAGE (Sec.312, 313, 314 IPC/88,89,90 BNS)",Child,12,1,3,1,,,,,,
371,A - IPC/BNS Crime,"DEATHS-MISCARRIAGE (Sec.312, 313, 314 IPC/88,89,90 BNS)",Woman,1,1,0,0,,,,,,
372,A - IPC/BNS Crime,"DEATHS-MISCARRIAGE (Sec.312, 313, 314 IPC/88,89,90 BNS)",Women and Child,0,0,0,0,,,,,,
373,A - IPC/BNS Crime,"DEFENCE FORCES OFFENCES RELATING (also relating to desertion) (Sec.131 to 140, except 136 IPC/159 TO 168 EXCEPT 164 BNS)",Air Force,0,0,0,0,,,,,,
374,A - IPC/BNS Crime,"DEFENCE FORCES OFFENCES RELATING (also relating to desertion) (Sec.131 to 140, except 136 IPC/159 TO 168 EXCEPT 164 BNS)",Army,0,0,0,0,,,,,,
375,A - IPC/BNS Crime,"DEFENCE FORCES OFFENCES RELATING (also relating to desertion) (Sec.131 to 140, except 136 IPC/159 TO 168 EXCEPT 164 BNS)",Navy,0,0,0,0,,,,,,
376,A - IPC/BNS Crime,"ESCAPE FROM LAWFUL CUSTODY AND RESISTANCE (Sec.224, 225, 225(B) IPC/262,263,265 BNS)",From Jail Custody,5,3,1,0,,,,,,
377,A - IPC/BNS Crime,"ESCAPE FROM LAWFUL CUSTODY AND RESISTANCE (Sec.224, 225, 225(B) IPC/262,263,265 BNS)",From Police Custody,11,1,0,3,,,,,,
378,A - IPC/BNS Crime,"ESCAPE FROM LAWFUL CUSTODY AND RESISTANCE (Sec.224, 225, 225(B) IPC/262,263,265 BNS)",Others,6,0,0,3,,,,,,
379,A - IPC/BNS Crime,"IMPERSONATION (Sec.170, 171 IPC/204,205 BNS)",Attempt to Commit,5,0,1,0,,,,,,
380,A - IPC/BNS Crime,"IMPERSONATION (Sec.170, 171 IPC/204,205 BNS)",Non-Uniformed Authority,2,0,0,0,,,,,,
381,A - IPC/BNS Crime,"IMPERSONATION (Sec.170, 171 IPC/204,205 BNS)",Uniformed Authority,2,0,0,0,,,,,,
382,A - IPC/BNS Crime,"MISCHIEF (Sec.427 to 440 except 434, 435, 436, 438 IPC/324(4) TO 324(6) BNS)",NA,275,33,38,44,,,,,,
383,A - IPC/BNS Crime,MOLESTATION (Sec.354 IPC/74 BNS),Attempt to Commit,39,6,9,8,,,,,,
384,A - IPC/BNS Crime,MOLESTATION (Sec.354 IPC/74 BNS),Private Place,566,81,92,94,,,,,,
385,A - IPC/BNS Crime,MOLESTATION (Sec.354 IPC/74 BNS),Public Conveyance,3,0,0,1,,,,,,
386,A - IPC/BNS Crime,MOLESTATION (Sec.354 IPC/74 BNS),Public Place,1267,160,177,166,,,,,,
387,A - IPC/BNS Crime,MOLESTATION (Sec.354 IPC/74 BNS),Other Places,1578,183,247,218,,,,,,
388,A - IPC/BNS Crime,POISONING-PROFESSIONAL (Sec. 328 IPC/123 BNS),Attempt to Commit,8,1,2,1,,,,,,
389,A - IPC/BNS Crime,POISONING-PROFESSIONAL (Sec. 328 IPC/123 BNS),Fatal,0,0,0,0,,,,,,
390,A - IPC/BNS Crime,POISONING-PROFESSIONAL (Sec. 328 IPC/123 BNS),Non Fatal,2,1,0,0,,,,,,
391,A - IPC/BNS Crime,PORNOGRAPHY (Sec.292 to 294 IPC/294 TO 296 BNS),Advertisement,0,0,0,0,,,,,,
392,A - IPC/BNS Crime,PORNOGRAPHY (Sec.292 to 294 IPC/294 TO 296 BNS),Audio Tape,1,0,0,1,,,,,,
393,A - IPC/BNS Crime,PORNOGRAPHY (Sec.292 to 294 IPC/294 TO 296 BNS),Book,0,0,0,0,,,,,,
394,A - IPC/BNS Crime,PORNOGRAPHY (Sec.292 to 294 IPC/294 TO 296 BNS),Computer Software,0,0,0,0,,,,,,
395,A - IPC/BNS Crime,PORNOGRAPHY (Sec.292 to 294 IPC/294 TO 296 BNS),Figures,0,0,0,0,,,,,,
396,A - IPC/BNS Crime,PORNOGRAPHY (Sec.292 to 294 IPC/294 TO 296 BNS),Film (Blue),0,0,0,0,,,,,,
397,A - IPC/BNS Crime,PORNOGRAPHY (Sec.292 to 294 IPC/294 TO 296 BNS),Painting,0,0,0,0,,,,,,
398,A - IPC/BNS Crime,PORNOGRAPHY (Sec.292 to 294 IPC/294 TO 296 BNS),Pamphlet,0,0,0,0,,,,,,
399,A - IPC/BNS Crime,PORNOGRAPHY (Sec.292 to 294 IPC/294 TO 296 BNS),Paper,1,0,0,0,,,,,,
400,A - IPC/BNS Crime,PORNOGRAPHY (Sec.292 to 294 IPC/294 TO 296 BNS),Photography,0,0,0,0,,,,,,
401,A - IPC/BNS Crime,PORNOGRAPHY (Sec.292 to 294 IPC/294 TO 296 BNS),Poster,6,0,3,3,,,,,,
402,A - IPC/BNS Crime,PORNOGRAPHY (Sec.292 to 294 IPC/294 TO 296 BNS),Video Film(Blue),1,0,0,1,,,,,,
403,A - IPC/BNS Crime,PORNOGRAPHY (Sec.292 to 294 IPC/294 TO 296 BNS),Others,7,0,0,4,,,,,,
404,A - IPC/BNS Crime,PUBLIC JUSTICE (Sec.213 to 215 IPC/250 TO 252 BNS),NA,3,1,0,1,,,,,,
405,A - IPC/BNS Crime,"PUBLIC NUISANCE (Sec.291 and 510 IPC/293,355 BNS)",NA,132,14,23,24,,,,,,
406,A - IPC/BNS Crime,"PUBLIC SAFETY (Sec.269 to 271, 277, 283, 289 IPC/271 to 273, 279,285,291 BNS)",NA,1797,135,264,388,,,,,,
407,A - IPC/BNS Crime,"OFFENCES AGAINST PUBLIC SERVANTS (Public servant is a victim) (Sec 182-188, 332, 333, 353 IPC/217-223,121(1),121(2), 132 BNS)",Attempt to Commit,14,1,1,1,,,,,,
408,A - IPC/BNS Crime,"OFFENCES AGAINST PUBLIC SERVANTS (Public servant is a victim) (Sec 182-188, 332, 333, 353 IPC/217-223,121(1),121(2), 132 BNS)",Defence Personnel,2,0,0,0,,,,,,
409,A - IPC/BNS Crime,"OFFENCES AGAINST PUBLIC SERVANTS (Public servant is a victim) (Sec 182-188, 332, 333, 353 IPC/217-223,121(1),121(2), 132 BNS)",Jail Personnel,8,0,3,1,,,,,,
410,A - IPC/BNS Crime,"OFFENCES AGAINST PUBLIC SERVANTS (Public servant is a victim) (Sec 182-188, 332, 333, 353 IPC/217-223,121(1),121(2), 132 BNS)",Judicial Official,17,1,1,1,,,,,,
411,A - IPC/BNS Crime,"OFFENCES AGAINST PUBLIC SERVANTS (Public servant is a victim) (Sec 182-188, 332, 333, 353 IPC/217-223,121(1),121(2), 132 BNS)",Minister,0,0,0,0,,,,,,
412,A - IPC/BNS Crime,"OFFENCES AGAINST PUBLIC SERVANTS (Public servant is a victim) (Sec 182-188, 332, 333, 353 IPC/217-223,121(1),121(2), 132 BNS)",MLA,0,0,0,0,,,,,,
413,A - IPC/BNS Crime,"OFFENCES AGAINST PUBLIC SERVANTS (Public servant is a victim) (Sec 182-188, 332, 333, 353 IPC/217-223,121(1),121(2), 132 BNS)",MP,0,0,0,0,,,,,,
414,A - IPC/BNS Crime,"OFFENCES AGAINST PUBLIC SERVANTS (Public servant is a victim) (Sec 182-188, 332, 333, 353 IPC/217-223,121(1),121(2), 132 BNS)",Nationalised Bank Personnel,2,0,0,0,,,,,,
415,A - IPC/BNS Crime,"OFFENCES AGAINST PUBLIC SERVANTS (Public servant is a victim) (Sec 182-188, 332, 333, 353 IPC/217-223,121(1),121(2), 132 BNS)",Other Elected Member,4,0,0,0,,,,,,
416,A - IPC/BNS Crime,"OFFENCES AGAINST PUBLIC SERVANTS (Public servant is a victim) (Sec 182-188, 332, 333, 353 IPC/217-223,121(1),121(2), 132 BNS)",Other Enforcement Official,1,0,0,1,,,,,,
417,A - IPC/BNS Crime,"OFFENCES AGAINST PUBLIC SERVANTS (Public servant is a victim) (Sec 182-188, 332, 333, 353 IPC/217-223,121(1),121(2), 132 BNS)",Other Govt. Official,268,32,34,41,,,,,,
418,A - IPC/BNS Crime,"OFFENCES AGAINST PUBLIC SERVANTS (Public servant is a victim) (Sec 182-188, 332, 333, 353 IPC/217-223,121(1),121(2), 132 BNS)",Para Military Personnel,2,0,1,0,,,,,,
419,A - IPC/BNS Crime,"OFFENCES AGAINST PUBLIC SERVANTS (Public servant is a victim) (Sec 182-188, 332, 333, 353 IPC/217-223,121(1),121(2), 132 BNS)",Police Personnel,308,30,44,38,,,,,,
420,A - IPC/BNS Crime,"OFFENCES AGAINST PUBLIC SERVANTS (Public servant is a victim) (Sec 182-188, 332, 333, 353 IPC/217-223,121(1),121(2), 132 BNS)",Public Sector Undertaking Official,85,6,9,12,,,,,,
421,A - IPC/BNS Crime,"OFFENCES BY PUBLIC SERVANTS (EXCEPT CORRUPTION) (Public servant is accused) (Sec.128, 129, 167, 218, 221, 222 IPC/156,157,201,256,259,260 BNS)",Defence Personnel,0,0,0,0,,,,,,
422,A - IPC/BNS Crime,"OFFENCES BY PUBLIC SERVANTS (EXCEPT CORRUPTION) (Public servant is accused) (Sec.128, 129, 167, 218, 221, 222 IPC/156,157,201,256,259,260 BNS)",Jail Personnel,0,0,0,0,,,,,,
423,A - IPC/BNS Crime,"OFFENCES BY PUBLIC SERVANTS (EXCEPT CORRUPTION) (Public servant is accused) (Sec.128, 129, 167, 218, 221, 222 IPC/156,157,201,256,259,260 BNS)",Judicial Official,0,0,0,0,,,,,,
424,A - IPC/BNS Crime,"OFFENCES BY PUBLIC SERVANTS (EXCEPT CORRUPTION) (Public servant is accused) (Sec.128, 129, 167, 218, 221, 222 IPC/156,157,201,256,259,260 BNS)",Minister,0,0,0,0,,,,,,
425,A - IPC/BNS Crime,"OFFENCES BY PUBLIC SERVANTS (EXCEPT CORRUPTION) (Public servant is accused) (Sec.128, 129, 167, 218, 221, 222 IPC/156,157,201,256,259,260 BNS)",MLA,0,0,0,0,,,,,,
426,A - IPC/BNS Crime,"OFFENCES BY PUBLIC SERVANTS (EXCEPT CORRUPTION) (Public servant is accused) (Sec.128, 129, 167, 218, 221, 222 IPC/156,157,201,256,259,260 BNS)",MP,0,0,0,0,,,,,,
427,A - IPC/BNS Crime,"OFFENCES BY PUBLIC SERVANTS (EXCEPT CORRUPTION) (Public servant is accused) (Sec.128, 129, 167, 218, 221, 222 IPC/156,157,201,256,259,260 BNS)",Nationalised Bank Personnel,0,0,0,0,,,,,,
428,A - IPC/BNS Crime,"OFFENCES BY PUBLIC SERVANTS (EXCEPT CORRUPTION) (Public servant is accused) (Sec.128, 129, 167, 218, 221, 222 IPC/156,157,201,256,259,260 BNS)",Other Elected Member,0,0,0,0,,,,,,
429,A - IPC/BNS Crime,"OFFENCES BY PUBLIC SERVANTS (EXCEPT CORRUPTION) (Public servant is accused) (Sec.128, 129, 167, 218, 221, 222 IPC/156,157,201,256,259,260 BNS)",Other Enforcement Official,0,0,0,0,,,,,,
430,A - IPC/BNS Crime,"OFFENCES BY PUBLIC SERVANTS (EXCEPT CORRUPTION) (Public servant is accused) (Sec.128, 129, 167, 218, 221, 222 IPC/156,157,201,256,259,260 BNS)",Other Govt. Official,0,0,0,0,,,,,,
431,A - IPC/BNS Crime,"OFFENCES BY PUBLIC SERVANTS (EXCEPT CORRUPTION) (Public servant is accused) (Sec.128, 129, 167, 218, 221, 222 IPC/156,157,201,256,259,260 BNS)",Para Military Personnel,0,0,0,0,,,,,,
432,A - IPC/BNS Crime,"OFFENCES BY PUBLIC SERVANTS (EXCEPT CORRUPTION) (Public servant is accused) (Sec.128, 129, 167, 218, 221, 222 IPC/156,157,201,256,259,260 BNS)",Police Personnel,0,1,0,0,,,,,,
433,A - IPC/BNS Crime,"OFFENCES BY PUBLIC SERVANTS (EXCEPT CORRUPTION) (Public servant is accused) (Sec.128, 129, 167, 218, 221, 222 IPC/156,157,201,256,259,260 BNS)",Public Sector Undertaking Official,2,0,0,0,,,,,,
434,A - IPC/BNS Crime,"OFFENCES BY PUBLIC SERVANTS (EXCEPT CORRUPTION) (Public servant is accused) (Sec.128, 129, 167, 218, 221, 222 IPC/156,157,201,256,259,260 BNS)",Others,0,0,0,0,,,,,,
435,A - IPC/BNS Crime,"NEGLIGENT ACT (Sec.280 to 289, 336 to 338 except 283 IPC/282 to 291,125 to 125(b) except 285 BNS)",Death Causeed By Electric Shock,54,12,5,2,,,,,,
436,A - IPC/BNS Crime,"NEGLIGENT ACT (Sec.280 to 289, 336 to 338 except 283 IPC/282 to 291,125 to 125(b) except 285 BNS)",Animal -Related,32,6,3,4,,,,,,
437,A - IPC/BNS Crime,"NEGLIGENT ACT (Sec.280 to 289, 336 to 338 except 283 IPC/282 to 291,125 to 125(b) except 285 BNS)",Boat/Vessel - Related,1,0,1,0,,,,,,
438,A - IPC/BNS Crime,"NEGLIGENT ACT (Sec.280 to 289, 336 to 338 except 283 IPC/282 to 291,125 to 125(b) except 285 BNS)",Explosive/Explosive Substances - Related,14,0,2,1,,,,,,
439,A - IPC/BNS Crime,"NEGLIGENT ACT (Sec.280 to 289, 336 to 338 except 283 IPC/282 to 291,125 to 125(b) except 285 BNS)",Inflammable Substance- Related ,13,5,1,0,,,,,,
440,A - IPC/BNS Crime,"NEGLIGENT ACT (Sec.280 to 289, 336 to 338 except 283 IPC/282 to 291,125 to 125(b) except 285 BNS)",Machinery - Related,76,12,12,10,,,,,,
441,A - IPC/BNS Crime,"NEGLIGENT ACT (Sec.280 to 289, 336 to 338 except 283 IPC/282 to 291,125 to 125(b) except 285 BNS)",Poisonous Substance - Related,9,1,0,3,,,,,,
442,A - IPC/BNS Crime,"NEGLIGENT ACT (Sec.280 to 289, 336 to 338 except 283 IPC/282 to 291,125 to 125(b) except 285 BNS)",Other - Related,855,77,68,81,,,,,,
443,A - IPC/BNS Crime,"NEGLIGENT ACT (Sec.280 to 289, 336 to 338 except 283 IPC/282 to 291,125 to 125(b) except 285 BNS)",Human - Related,685,62,51,72,,,,,,
444,A - IPC/BNS Crime,"NEGLIGENT ACT (Sec.280 to 289, 336 to 338 except 283 IPC/282 to 291,125 to 125(b) except 285 BNS)",Wheeling,70,0,23,23,,,,,,
445,A - IPC/BNS Crime,"NEGLIGENT ACT (Sec.280 to 289, 336 to 338 except 283 IPC/282 to 291,125 to 125(b) except 285 BNS)",Drink & Drive Without DL,25,0,11,9,,,,,,
446,A - IPC/BNS Crime,RECEIVING OF STOLEN PROPERTY (Sec.411 to 414 IPC/317(2) TO 317(5) BNS),NA,1,0,0,0,,,,,,
447,A - IPC/BNS Crime,SEDITION (Sec. 124A IPC/IN BNS Deleted),Attempt to Commit,0,0,0,0,,,,,,
448,A - IPC/BNS Crime,SEDITION (Sec. 124A IPC/IN BNS Deleted),By Foreigner,0,0,0,0,,,,,,
449,A - IPC/BNS Crime,SEDITION (Sec. 124A IPC/IN BNS Deleted),By National,0,0,0,0,,,,,,
450,A - IPC/BNS Crime,SEDITION (Sec. 124A IPC/IN BNS Deleted),By National And Foreigner,0,0,0,0,,,,,,
451,A - IPC/BNS Crime,INSULTING MODESTY OF WOMEN (EVE TEASING) (Sec.509 IPC/79 BNS),Attempt to Commit,8,1,0,0,,,,,,
452,A - IPC/BNS Crime,INSULTING MODESTY OF WOMEN (EVE TEASING) (Sec.509 IPC/79 BNS),Office,9,0,4,1,,,,,,
453,A - IPC/BNS Crime,INSULTING MODESTY OF WOMEN (EVE TEASING) (Sec.509 IPC/79 BNS),Public Conveyance,5,1,0,2,,,,,,
454,A - IPC/BNS Crime,INSULTING MODESTY OF WOMEN (EVE TEASING) (Sec.509 IPC/79 BNS),Public Place,73,9,14,10,,,,,,
455,A - IPC/BNS Crime,INSULTING MODESTY OF WOMEN (EVE TEASING) (Sec.509 IPC/79 BNS),Other Places,133,16,21,19,,,,,,
456,A - IPC/BNS Crime,"SUICIDE (Sec.305, 306, 309 IPC/107,108 BNS)",Dowry,3,0,0,0,,,,,,
457,A - IPC/BNS Crime,"SUICIDE (Sec.305, 306, 309 IPC/107,108 BNS)",Abetment of Suicide,226,28,27,37,,,,,,
458,A - IPC/BNS Crime,"SUICIDE (Sec.305, 306, 309 IPC/107,108 BNS)",Other Reasons,176,21,20,22,,,,,,
459,A - IPC/BNS Crime,"SUICIDE (Sec.305, 306, 309 IPC/107,108 BNS)",Attempt to Commit suicide,48,6,5,6,,,,,,
460,A - IPC/BNS Crime,UNNATURAL SEX (Sec.377 IPC/IN BNS Deleted),Abetment  ,0,0,0,0,,,,,,
461,A - IPC/BNS Crime,UNNATURAL SEX (Sec.377 IPC/IN BNS Deleted),Animal  ,0,0,0,0,,,,,,
462,A - IPC/BNS Crime,UNNATURAL SEX (Sec.377 IPC/IN BNS Deleted),Attempt,0,0,0,0,,,,,,
463,A - IPC/BNS Crime,UNNATURAL SEX (Sec.377 IPC/IN BNS Deleted),Major - Man,0,0,0,0,,,,,,
464,A - IPC/BNS Crime,UNNATURAL SEX (Sec.377 IPC/IN BNS Deleted),Major - Woman,0,0,0,0,,,,,,
465,A - IPC/BNS Crime,UNNATURAL SEX (Sec.377 IPC/IN BNS Deleted),Minor - Boy,0,0,0,0,,,,,,
466,A - IPC/BNS Crime,UNNATURAL SEX (Sec.377 IPC/IN BNS Deleted),Minor - Girl,0,0,0,0,,,,,,
467,A - IPC/BNS Crime,"WRONGFUL RESTRAINT/CONFINEMENT (Sec.341 to 348 IPC/126(2),127(2)-127(8) BNS)",Attempt to Commit,19,1,4,3,,,,,,
468,A - IPC/BNS Crime,"WRONGFUL RESTRAINT/CONFINEMENT (Sec.341 to 348 IPC/126(2),127(2)-127(8) BNS)",To Extort Confession,4,0,1,1,,,,,,
469,A - IPC/BNS Crime,"WRONGFUL RESTRAINT/CONFINEMENT (Sec.341 to 348 IPC/126(2),127(2)-127(8) BNS)",To Extort Property,18,1,1,3,,,,,,
470,A - IPC/BNS Crime,"WRONGFUL RESTRAINT/CONFINEMENT (Sec.341 to 348 IPC/126(2),127(2)-127(8) BNS)",To settle Dispute,12,2,0,0,,,,,,
471,A - IPC/BNS Crime,"WRONGFUL RESTRAINT/CONFINEMENT (Sec.341 to 348 IPC/126(2),127(2)-127(8) BNS)",Others,258,35,46,50,,,,,,
472,A - IPC/BNS Crime,"INFANTICIDE (Sec.315, 316 IPC/91,92 BNS)",Male,2,0,0,0,,,,,,
473,A - IPC/BNS Crime,"INFANTICIDE (Sec.315, 316 IPC/91,92 BNS)",Female,3,0,1,1,,,,,,
474,A - IPC/BNS Crime,"OFFENCES RELATED TO MARRIAGE (Sec.493 to 498 IPC/81,84 BNS)",NA,26,3,5,3,,,,,,
475,A - IPC/BNS Crime,"BUYING & SELLING MINOR FOR PROSTITUTION (Sec.372, 373 IPC/98,99 BNS)",NA,0,0,0,0,,,,,,
476,A - IPC/BNS Crime,DOCUMENTS & PROPERTY MARKS (Sec.483 to 489 IPC/346-350(2) BNS),Documents  ,0,1,0,0,,,,,,
477,A - IPC/BNS Crime,DOCUMENTS & PROPERTY MARKS (Sec.483 to 489 IPC/346-350(2) BNS),Property  ,0,1,0,0,,,,,,
478,A - IPC/BNS Crime,DEFAMATION (Sec.500 to 502 IPC/350(2)-356(4) BNS),Persons ,1,0,0,0,,,,,,
479,A - IPC/BNS Crime,DEFAMATION (Sec.500 to 502 IPC/350(2)-356(4) BNS),Printed Matter,1,0,1,0,,,,,,
480,A - IPC/BNS Crime,DEFAMATION (Sec.500 to 502 IPC/350(2)-356(4) BNS),Others,2,0,1,0,,,,,,
481,A - IPC/BNS Crime,ELECTION(Sec.171(E) to 171(1) IPC/173-177 BNS),Assembly,0,1,0,0,,,,,,
482,A - IPC/BNS Crime,ELECTION(Sec.171(E) to 171(1) IPC/173-177 BNS),Parliament,1,0,0,0,,,,,,
483,A - IPC/BNS Crime,ELECTION(Sec.171(E) to 171(1) IPC/173-177 BNS),Other Elected Bodies,0,0,0,0,,,,,,
484,A - IPC/BNS Crime,"SLAVERY (Sec.370, 371, 374 IPC/143,145,146 BNS)",Man,0,0,0,0,,,,,,
485,A - IPC/BNS Crime,"SLAVERY (Sec.370, 371, 374 IPC/143,145,146 BNS)",Woman,0,0,0,0,,,,,,
486,A - IPC/BNS Crime,"SLAVERY (Sec.370, 371, 374 IPC/143,145,146 BNS)",Boy,3,0,1,1,,,,,,
487,A - IPC/BNS Crime,"SLAVERY (Sec.370, 371, 374 IPC/143,145,146 BNS)",Girl,0,0,0,0,,,,,,
488,A - IPC/BNS Crime,Attempting to commit offences (Sec.511 IPC/62 BNS),Attempting to commit offences,129,25,16,13,,,,,,
489,A - IPC/BNS Crime,ILLEGAL DETENTION (Sec.342 IPC/127(2) BNS),,0,0,0,0,,,,,,
490,A - IPC/BNS Crime,FALSE EVIDENCE (Sec.191 to 205 IPC/227-242 BNS),,5,0,1,1,,,,,,
491,A - IPC/BNS Crime,EXPOSURE AND ABANDONMENT OF CHILD (Sec.317 IPC/93 BNS),Boy ,17,4,1,2,,,,,,
492,A - IPC/BNS Crime,EXPOSURE AND ABANDONMENT OF CHILD (Sec.317 IPC/93 BNS),Girl,20,3,3,5,,,,,,
493,A - IPC/BNS Crime,OF ABETMENT (Sec.107 to 120 IPC/45-60 BNS),NA,12,1,4,1,,,,,,
494,A - IPC/BNS Crime,"FAILURE TO APPEAR TO COURT (Sec.174A, 229A IPC/209,269 BNS)",IPC 174 A/BNS 209,304,10,31,18,,,,,,
495,A - IPC/BNS Crime,"FAILURE TO APPEAR TO COURT (Sec.174A, 229A IPC/209,269 BNS)",IPC 229 A/BNS 269,845,22,109,62,,,,,,
496,A - IPC/BNS Crime,Concealment of birth by secret disposal of Child,Girl,15,1,1,4,,,,,,
497,A - IPC/BNS Crime,Concealment of birth by secret disposal of Child,Boy,16,2,2,0,,,,,,
498,A - IPC/BNS Crime,ASSAULT OR USE OF CRIMINAL FORCE TO DISROBE WOMEN,NA,4,1,1,2,,,,,,
499,A - IPC/BNS Crime,Disobedience to Order Promulgated by Public/Servant,By Others,9,2,1,3,,,,,,
500,A - IPC/BNS Crime,Disobedience to Order Promulgated by Public/Servant,By Private Institution,0,0,0,0,,,,,,
501,A - IPC/BNS Crime,Disobedience to Order Promulgated by Public/Servant,By Govt. Institution,7,2,1,1,,,,,,
502,A - IPC/BNS Crime,Human Trafficking,Eunuch,2,0,0,0,,,,,,
503,A - IPC/BNS Crime,Human Trafficking,Men,4,0,0,0,,,,,,
504,A - IPC/BNS Crime,Human Trafficking,Boy,0,0,0,0,,,,,,
505,A - IPC/BNS Crime,Human Trafficking,Women,0,2,0,0,,,,,,
506,A - IPC/BNS Crime,Human Trafficking,Girl,1,0,0,0,,,,,,
507,A - IPC/BNS Crime,Giving false information respecting an offence committed,Giving false information respecting an offence committed,23,0,12,3,,,,,,
508,A - IPC/BNS Crime,Harbouring Offender,,2,0,0,0,,,,,,
509,B - SPECIAL & LOCAL LAWS,Petty Organised Crimes,NA,0,0,0,0,,,85,,,
510,B - SPECIAL & LOCAL LAWS,ANTIQUES (CULTURAL PROPERTY),Antiques & Art Treasures Act 1972,0,0,0,0,,,,,,
511,B - SPECIAL & LOCAL LAWS,ANTIQUES (CULTURAL PROPERTY),Ancient Monument & Archaelogical Sites And Remains Act 1958,5,0,1,0,,,,,,
512,B - SPECIAL & LOCAL LAWS,ARMS ACT 1959,Country Made - Non Prohibited Bore - In Disturbed Area,8,2,1,2,,,,,,
513,B - SPECIAL & LOCAL LAWS,ARMS ACT 1960,Country Made - Non Prohibited Bore - In Other Area,92,13,10,17,,,,,,
514,B - SPECIAL & LOCAL LAWS,ARMS ACT 1961,Country Made - Prohibited Bore - In Disturbed Area,10,3,1,5,,,,,,
515,B - SPECIAL & LOCAL LAWS,ARMS ACT 1962,Country Made - Prohibited Bore - In Other Area,74,7,18,11,,,,,,
516,B - SPECIAL & LOCAL LAWS,ARMS ACT 1963,Factory Made - Non Prohibited Bore - In Disturbed Area,4,0,0,1,,,,,,
517,B - SPECIAL & LOCAL LAWS,ARMS ACT 1964,Factory Made - Non Prohibited Bore - In Other Area,18,4,3,2,,,,,,
518,B - SPECIAL & LOCAL LAWS,ARMS ACT 1965,Factory Made - Prohibited Bore - In Disturbed Area,7,0,2,1,,,,,,
519,B - SPECIAL & LOCAL LAWS,ARMS ACT 1966,Factory Made - Prohibited Bore - In Other Area,27,2,5,1,,,,,,
520,B - SPECIAL & LOCAL LAWS,ANIMAL,The Karnataka Prevention of Slaughter and Preservation of Cattle Ordinance 2020,92,14,27,13,,,,,,
521,B - SPECIAL & LOCAL LAWS,ANIMAL,Wild Life Preservation Act 1972,1,0,0,1,,,,,,
522,B - SPECIAL & LOCAL LAWS,ANIMAL,Wild Life Protection Act 1972,3,0,0,0,,,,,,
523,B - SPECIAL & LOCAL LAWS,ANIMAL,Prevention of Cruelty to Animals Act 1960,169,10,49,21,,,,,,
524,B - SPECIAL & LOCAL LAWS,ANIMAL,Elephant (Preservation) Act 1879,0,0,0,0,,,,,,
525,B - SPECIAL & LOCAL LAWS,ANIMAL,Cattle Tresspass Act 1871,3,0,1,0,,,,,,
526,B - SPECIAL & LOCAL LAWS,CINEMATOGRAPHY ACT 1952,Films,0,0,0,0,,,,,,
527,B - SPECIAL & LOCAL LAWS,CINEMATOGRAPHY ACT 1953,Video,0,0,0,0,,,,,,
528,B - SPECIAL & LOCAL LAWS,CONSUMER,Liquified Petroleum Gas Supply & Control Order 2000 ,56,2,7,4,,,,,,
529,B - SPECIAL & LOCAL LAWS,CONSUMER,Consumer (Protection) Act 1986,4,0,1,0,,,,,,
530,B - SPECIAL & LOCAL LAWS,CONSUMER,Essential Commodities Act 1955,386,34,64,84,,,,,,
531,B - SPECIAL & LOCAL LAWS,CONSUMER,Prevention of Food Adulternation Act 1954,2,0,0,0,,,,,,
532,B - SPECIAL & LOCAL LAWS,CONSUMER,Packaged Commodities (Regulation) order 1975,0,0,0,0,,,,,,
533,B - SPECIAL & LOCAL LAWS,COPY RIGHT ACT 1957,By Company,84,11,8,13,,,,,,
534,B - SPECIAL & LOCAL LAWS,COPY RIGHT ACT 1958,By Individual,51,3,11,5,,,,,,
535,B - SPECIAL & LOCAL LAWS,CIVIL RIGHTS,Protection of Civil Rights Act 1955,4,0,0,1,,,,,,
536,B - SPECIAL & LOCAL LAWS,SCHEDULED CASTE AND THE SCHEDULED TRIBES,Scheduled Caste  ,793,94,108,125,,,,,,
537,B - SPECIAL & LOCAL LAWS,SCHEDULED CASTE AND THE SCHEDULED TRIBES,Scheduled Tribes,171,13,31,23,,,,,,
538,B - SPECIAL & LOCAL LAWS,SCHEDULED CASTE AND THE SCHEDULED TRIBES,Scheduled Caste Women,303,43,46,53,,,,,,
539,B - SPECIAL & LOCAL LAWS,SCHEDULED CASTE AND THE SCHEDULED TRIBES,Scheduled Tribes Women,74,11,7,17,,,,,,
540,B - SPECIAL & LOCAL LAWS,CHILDREN ACT,Child Labour (Prohibition & Regulation) Act1986,53,7,12,17,,,,,,
541,B - SPECIAL & LOCAL LAWS,CHILDREN ACT,Child Marriage (Restraint) Act - 1929,123,15,26,18,,,,,,
542,B - SPECIAL & LOCAL LAWS,CHILDREN ACT,Juvenile Justice Act 1986,97,7,6,12,,,,,,
543,B - SPECIAL & LOCAL LAWS,CHILDREN ACT,Probation of offenders Act 1958,0,0,0,0,,,,,,
544,B - SPECIAL & LOCAL LAWS,CHILDREN ACT,Protection of Children from Sexual Offences Act 2012 (POCSO),0,0,0,0,,,,,,
545,B - SPECIAL & LOCAL LAWS,PREVENTION OF CORRUPTION ACT 1988,Public Servant - Elected,0,0,0,0,,,,,,
546,B - SPECIAL & LOCAL LAWS,PREVENTION OF CORRUPTION ACT 1989,Public Servant - Gazetted - Central,1,0,1,0,,,,,,
547,B - SPECIAL & LOCAL LAWS,PREVENTION OF CORRUPTION ACT 1990,Public Servant - Gazetted - Defence,0,0,0,0,,,,,,
548,B - SPECIAL & LOCAL LAWS,PREVENTION OF CORRUPTION ACT 1991,Public Servant - Gazetted - Public Sector Undertaking,0,0,0,0,,,,,,
549,B - SPECIAL & LOCAL LAWS,PREVENTION OF CORRUPTION ACT 1992,Public Servant - Gazetted - State,1,0,0,0,,,,,,
550,B - SPECIAL & LOCAL LAWS,PREVENTION OF CORRUPTION ACT 1993,Public Servant - Non-Gazetted - Central,0,0,0,0,,,,,,
551,B - SPECIAL & LOCAL LAWS,PREVENTION OF CORRUPTION ACT 1994,Public Servant - Non-Gazetted - Defence,0,0,0,0,,,,,,
552,B - SPECIAL & LOCAL LAWS,PREVENTION OF CORRUPTION ACT 1995,Public Servant - Non-Gazetted - State,0,0,0,0,,,,,,
553,B - SPECIAL & LOCAL LAWS,CUSTOMS,Customs Act 1962,0,0,0,0,,,,,,
554,B - SPECIAL & LOCAL LAWS,CUSTOMS,Import/Export (Control) Act 1947,0,0,0,0,,,,,,
555,B - SPECIAL & LOCAL LAWS,Explosives,Explosives Substances Act 1908,31,1,2,9,,,,,,
556,B - SPECIAL & LOCAL LAWS,Explosives,Explosives Act 1884,27,5,3,5,,,,,,
557,B - SPECIAL & LOCAL LAWS,Explosives,Inflammable Substance Act 1952,0,0,0,0,,,,,,
558,B - SPECIAL & LOCAL LAWS,FOREIGN EXCHANGE,Smugglers and Foreign Exchange Manipulator Act 1976,0,0,0,0,,,,,,
559,B - SPECIAL & LOCAL LAWS,FOREIGN EXCHANGE,Foreign Exchange Regulation Act 1973,0,0,0,0,,,,,,
560,B - SPECIAL & LOCAL LAWS,FOREIGN EXCHANGE,Foreign Exchange Regulation Act 1952,0,0,0,0,,,,,,
561,B - SPECIAL & LOCAL LAWS,FOREIGNER,Foreigners Act 1946,60,4,9,15,,,,,,
562,B - SPECIAL & LOCAL LAWS,FOREIGNER,Registration of Foreigners Act 1939,0,0,0,0,,,,,,
563,B - SPECIAL & LOCAL LAWS,FOREST,Indian Forest Act 1927,1,0,0,1,,,,,,
564,B - SPECIAL & LOCAL LAWS,FOREST,Forest (Conservation) Act 1980,5,0,1,0,,,,,,
565,B - SPECIAL & LOCAL LAWS,HIJACKING,Foreign Aircraft - In India,0,0,0,0,,,,,,
566,B - SPECIAL & LOCAL LAWS,HIJACKING,Foreign Aircraft - Outside India,0,0,0,0,,,,,,
567,B - SPECIAL & LOCAL LAWS,HIJACKING,Indian Aircraft - In India,0,0,0,0,,,,,,
568,B - SPECIAL & LOCAL LAWS,HIJACKING,Indian Aircraft - Outside India,0,0,0,0,,,,,,
569,B - SPECIAL & LOCAL LAWS,IMMORAL TRAFFIC,Organised,134,21,34,27,,,,,,
570,B - SPECIAL & LOCAL LAWS,IMMORAL TRAFFIC,Un-Organised,69,3,16,10,,,,,,
571,B - SPECIAL & LOCAL LAWS,BONDED LABOUR SYSTEM,NA,3,1,0,0,,,,,,
572,B - SPECIAL & LOCAL LAWS,INDIAN MOTOR VEHICLE,NA,54,3,5,6,,,,,,
573,B - SPECIAL & LOCAL LAWS,NARCOTIC DRUGS & PSYCHOTROPIC SUBSTANCES ACT,Cultivated/Processed,1543,159,279,369,,,,,,
574,B - SPECIAL & LOCAL LAWS,NARCOTIC DRUGS & PSYCHOTROPIC SUBSTANCES ACT,Synthetic,1988,195,383,332,,,,,,
575,B - SPECIAL & LOCAL LAWS,PASSPORT ACT,Foreigner,2,0,2,0,,,,,,
576,B - SPECIAL & LOCAL LAWS,PASSPORT ACT,Indian,2,0,0,0,,,,,,
577,B - SPECIAL & LOCAL LAWS,PASSPORT ACT,REPRESENTATIVE OF PEOPLE ACT 1951 & 1988,,,,,,,,,,
578,B - SPECIAL & LOCAL LAWS,PASSPORT ACT,Assembly,0,1,0,0,,,,,,
579,B - SPECIAL & LOCAL LAWS,PASSPORT ACT,Parliament,0,0,0,0,,,,,,
580,B - SPECIAL & LOCAL LAWS,PASSPORT ACT,Other Elected Bodies,0,0,0,0,,,,,,
581,B - SPECIAL & LOCAL LAWS,KARNATAKA POLICE ACT 1963,Gambling - Matka (78 Class C),3916,371,694,529,,,,,,
582,B - SPECIAL & LOCAL LAWS,KARNATAKA POLICE ACT 1964,Street Gambling (87),4269,456,636,560,,,,,,
583,B - SPECIAL & LOCAL LAWS,KARNATAKA POLICE ACT 1965,House Gambling (79 & 80),154,28,19,24,,,,,,
584,B - SPECIAL & LOCAL LAWS,KARNATAKA POLICE ACT 1966,Betting ,556,7,18,6,,,,,,
585,B - SPECIAL & LOCAL LAWS,KARNATAKA POLICE ACT 1967,Others ,335,47,34,47,,,,,,
586,B - SPECIAL & LOCAL LAWS,PREVENTION OF DAMAGE TO PUBLIC PROPERTY ACT 1984,,64,17,15,5,,,,,,
587,B - SPECIAL & LOCAL LAWS,"POST & TELEGRAPH, TELEGRAPH WIRES (UNLAWFUL POSSESSION) ACT 1980",,0,0,0,0,,,,,,
588,B - SPECIAL & LOCAL LAWS,OFFICIAL SECURITY RELATED ACTS,Official Secrets Act 1923,1,0,1,0,,,,,,
589,B - SPECIAL & LOCAL LAWS,OFFICIAL SECURITY RELATED ACTS,Essential Services Maintenance Act 1981,0,0,0,0,,,,,,
590,B - SPECIAL & LOCAL LAWS,PREVENTION OF TERRORISM ACT (POTA),,0,0,0,0,,,,,,
591,B - SPECIAL & LOCAL LAWS,RAILWAYS ACT,Indian Railways Act 1989,1,0,0,0,,,,,,
592,B - SPECIAL & LOCAL LAWS,RAILWAYS ACT,Railway Property (Unlawful Possession) Act 1966,0,0,0,0,,,,,,
593,B - SPECIAL & LOCAL LAWS,UNLAWFUL ACTIVITIES (Prevention) Act 1967,NA,0,0,0,0,,,,,,
594,B - SPECIAL & LOCAL LAWS,CRIMES RELATED TO WOMEN,Dowry Prohibition,1133,151,190,184,,,,,,
595,B - SPECIAL & LOCAL LAWS,CRIMES RELATED TO WOMEN,Commission of SATI (Prevention) Act 1987,0,0,0,0,,,,,,
596,B - SPECIAL & LOCAL LAWS,CRIMES RELATED TO WOMEN,Indecent Representation of Women (Prohibition) Act 1986,1,0,1,0,,,,,,
597,B - SPECIAL & LOCAL LAWS,INDIAN LUNACY ACT,NA,0,0,0,0,,,,,,
598,B - SPECIAL & LOCAL LAWS,INDIAN ELECTRICITY ACT,NA,8,2,2,0,,,,,,
599,B - SPECIAL & LOCAL LAWS,"COTPA, CIGARETTES AND OTHER TOBACCO PRODUCTS",NA,2446,133,1198,107,,,,,,
600,B - SPECIAL & LOCAL LAWS,KARNATAKA STATE LOCAL ACTS,Prevention of Insult to National Hounours Act 1971,6,0,0,0,,,,,,
601,B - SPECIAL & LOCAL LAWS,KARNATAKA STATE LOCAL ACTS,"Prevention of violence against Doctors, Medical professionals and Medical institutions",9,0,1,1,,,,,,
602,B - SPECIAL & LOCAL LAWS,KARNATAKA STATE LOCAL ACTS,"The Karnataka Prevention of Dangerous Activities of Bootleggers, Drug-offenders, Gamblers, Goonda Act",0,0,0,0,,,,,,
603,B - SPECIAL & LOCAL LAWS,KARNATAKA STATE LOCAL ACTS,Karnataka Cow Slaughters Act,138,18,25,22,,,,,,
604,B - SPECIAL & LOCAL LAWS,KARNATAKA STATE LOCAL ACTS,Banning of Unregulated Deposit Schemes Act,13,1,0,2,,,,,,
605,B - SPECIAL & LOCAL LAWS,KARNATAKA STATE LOCAL ACTS,"Motor Spirit and High Speed Diesel (Regulation of upply, Distribution and Prevention of Malpractice",0,0,0,0,,,,,,
606,B - SPECIAL & LOCAL LAWS,KARNATAKA STATE LOCAL ACTS,Karnataka Epidemic Deseases Act 2020,0,0,0,0,,,,,,
607,B - SPECIAL & LOCAL LAWS,KARNATAKA STATE LOCAL ACTS,Karnataka Prevention of Slaughter and Preservation of Cattle Act 2020,151,14,48,20,,,,,,
608,B - SPECIAL & LOCAL LAWS,KARNATAKA STATE LOCAL ACTS,Disaster Management Act 2005,0,0,0,0,,,,,,
609,B - SPECIAL & LOCAL LAWS,KARNATAKA STATE LOCAL ACTS,Karnataka Excise Act 1965,6397,549,1143,817,,,,,,
610,B - SPECIAL & LOCAL LAWS,KARNATAKA STATE LOCAL ACTS,Karnataka Forest Act 1963,28,4,10,7,,,,,,
611,B - SPECIAL & LOCAL LAWS,KARNATAKA STATE LOCAL ACTS,Karnataka Education Act 1983 As Amended Upto Date,2,2,0,0,,,,,,
612,B - SPECIAL & LOCAL LAWS,KARNATAKA STATE LOCAL ACTS,Karnataka Kerosene Restriction Unuse Act 1956,0,0,0,0,,,,,,
613,B - SPECIAL & LOCAL LAWS,KARNATAKA STATE LOCAL ACTS,Karnataka University Act,0,0,0,0,,,,,,
614,B - SPECIAL & LOCAL LAWS,KARNATAKA STATE LOCAL ACTS,Karnataka Corruption Act,0,0,0,0,,,,,,
615,B - SPECIAL & LOCAL LAWS,KARNATAKA STATE LOCAL ACTS,Karnataka Medical Registration Act 1965,3,0,1,1,,,,,,
616,B - SPECIAL & LOCAL LAWS,KARNATAKA STATE LOCAL ACTS,Karnataka Land & Revenue Act 1964 & 2007,26,0,7,1,,,,,,
617,B - SPECIAL & LOCAL LAWS,KARNATAKA STATE LOCAL ACTS,Karnataka Kerosene Dealers License Order 1969,0,0,0,0,,,,,,
618,B - SPECIAL & LOCAL LAWS,KARNATAKA STATE LOCAL ACTS,Karnataka Society Registration Act,0,0,0,0,,,,,,
619,B - SPECIAL & LOCAL LAWS,KARNATAKA STATE LOCAL ACTS,Karnataka Minor Mineral Consistent Rule 1994,11,3,4,1,,,,,,
620,B - SPECIAL & LOCAL LAWS,KARNATAKA STATE LOCAL ACTS,Bangalore Development Authority Act,0,0,0,0,,,,,,
621,B - SPECIAL & LOCAL LAWS,KARNATAKA STATE LOCAL ACTS,Karnataka Prohibition of Beggery Act 1975,54,0,3,16,,,,,,
622,B - SPECIAL & LOCAL LAWS,KARNATAKA STATE LOCAL ACTS,Karnataka Municipalities Act 1964,1,0,0,0,,7,,,,
623,B - SPECIAL & LOCAL LAWS,KARNATAKA STATE LOCAL ACTS,Karnataka Irrigation Act 1963,3,0,0,0,,1,,,,
624,B - SPECIAL & LOCAL LAWS,KARNATAKA STATE LOCAL ACTS,Karnataka Fire Force act 1964,3,0,2,0,,0,,,,
625,B - SPECIAL & LOCAL LAWS,KARNATAKA STATE LOCAL ACTS,Karnataka Consumer Protection Act 1986,0,0,0,0,,2,,,,
626,B - SPECIAL & LOCAL LAWS,KARNATAKA STATE LOCAL ACTS,Karnataka Lottery Act,50,3,11,2,,8,,,,
627,B - SPECIAL & LOCAL LAWS,KARNATAKA STATE LOCAL ACTS,Karnataka Weight & Measurement Act,0,0,0,0,,60,,,,
628,B - SPECIAL & LOCAL LAWS,KARNATAKA STATE LOCAL ACTS,Karnataka Agriculture Marketing Regulation Act,0,0,0,0,,0,,,,
629,B - SPECIAL & LOCAL LAWS,KARNATAKA STATE LOCAL ACTS,Karnataka Revenue Act,1,0,1,0,,0,,,,
630,B - SPECIAL & LOCAL LAWS,KARNATAKA STATE LOCAL ACTS,Karnataka Mining Act,2,0,0,2,,65,,,,
631,B - SPECIAL & LOCAL LAWS,KARNATAKA STATE LOCAL ACTS,Karnataka Betting Tax Act,0,0,0,0,,3,,,,
632,B - SPECIAL & LOCAL LAWS,KARNATAKA STATE LOCAL ACTS,Karnataka Panchayat Raj Act,1,0,0,0,,1,,,,
633,B - SPECIAL & LOCAL LAWS,KARNATAKA STATE LOCAL ACTS,Karnataka Open Place Disfigurement Act 1951,97,99,0,10,,1,,,,
634,B - SPECIAL & LOCAL LAWS,KARNATAKA STATE LOCAL ACTS,Karnataka Right To Information Act 2000 & 2008,1,0,0,0,,2,,,,
635,B - SPECIAL & LOCAL LAWS,KARNATAKA STATE LOCAL ACTS,Karnataka Urban Development Act 1987,0,0,0,0,,4,,,,
636,B - SPECIAL & LOCAL LAWS,KARNATAKA STATE LOCAL ACTS,Karnataka Town & City Planning Act 1961,0,0,0,0,,1,,,,
637,B - SPECIAL & LOCAL LAWS,KARNATAKA STATE LOCAL ACTS,Karnataka Race Betting Act,0,0,0,0,,18,,,,
638,B - SPECIAL & LOCAL LAWS,KARNATAKA STATE LOCAL ACTS,Karnataka Devadasi's (Prohibition Of Dedication) Act 1982,0,0,0,0,,0,,,,
639,B - SPECIAL & LOCAL LAWS,KARNATAKA STATE LOCAL ACTS,Cooperative Society Act,1,0,0,0,,1,,,,
640,B - SPECIAL & LOCAL LAWS,KARNATAKA STATE LOCAL ACTS,Karnataka Entertainment Tax Act 1958,2,0,0,0,,3,,,,
641,B - SPECIAL & LOCAL LAWS,KARNATAKA STATE LOCAL ACTS,Karnataka Land Acquisition (Prohibition) Act 2007,0,0,0,0,,5,,,,
642,B - SPECIAL & LOCAL LAWS,KARNATAKA STATE LOCAL ACTS,Karnataka Money Lender Act 1961,14,0,0,2,,0,,,,
643,B - SPECIAL & LOCAL LAWS,KARNATAKA STATE LOCAL ACTS,Karnataka Stamp Act 1957,0,0,0,0,,1,,,,
644,B - SPECIAL & LOCAL LAWS,KARNATAKA STATE LOCAL ACTS,Karnataka Prisoners Act 1963 & 1974,31,2,7,4,,36,,,,
645,B - SPECIAL & LOCAL LAWS,KARNATAKA STATE LOCAL ACTS,Karnataka Private Medical Institution Act 2007,4,0,1,1,,0,,,,
646,B - SPECIAL & LOCAL LAWS,KARNATAKA STATE LOCAL ACTS,MMRD (Mines & Minerals Regulation Development ) Act 1957,53,2,14,11,,1,,,,
647,B - SPECIAL & LOCAL LAWS,KARNATAKA STATE LOCAL ACTS,Karnataka Treasure Trove Act 1962,2,0,1,0,,0,,,,
648,B - SPECIAL & LOCAL LAWS,KARNATAKA STATE LOCAL ACTS,Karnataka Prohibition of Charging Exorbitant Interest Act 2004,13,1,2,1,,0,,,,
649,B - SPECIAL & LOCAL LAWS,KARNATAKA STATE LOCAL ACTS,Karnataka Ayurvedic And Unani Pract. Regis. & Medical Prac. Misc. Prov. Act,0,0,0,0,,0,,,,
650,B - SPECIAL & LOCAL LAWS,KARNATAKA STATE LOCAL ACTS,Other Local Acts,118,12,29,7,,3,,,,
651,B - SPECIAL & LOCAL LAWS,KARNATAKA STATE LOCAL ACTS,Sub Total,7235,710,1310,928,,17,,,,
652,B - SPECIAL & LOCAL LAWS,KARNATAKA STATE LOCAL ACTS,CYBER CRIME (INFORMATION TECHNOLOGY ACT),,,,,,232,,,,
653,B - SPECIAL & LOCAL LAWS,KARNATAKA STATE LOCAL ACTS,"Information Technology Act 2000, 2009",78,1967,11,6,,,,,,
654,B - SPECIAL & LOCAL LAWS,KARNATAKA STATE LOCAL ACTS,CSAM (Child Pornography). Cyber Tip Line,16,0,4,0,,,,,,
655,B - SPECIAL & LOCAL LAWS,KARNATAKA STATE LOCAL ACTS,Online Money Transfer,778,13,107,143,,,,,,
656,B - SPECIAL & LOCAL LAWS,KARNATAKA STATE LOCAL ACTS,Credit Card Fraud,432,8,72,55,,,,,,
657,B - SPECIAL & LOCAL LAWS,KARNATAKA STATE LOCAL ACTS,Loan App,117,2,15,13,,,,,,
658,B - SPECIAL & LOCAL LAWS,KARNATAKA STATE LOCAL ACTS,"Ransomeware Attack, Installing Spyware & Troman, Using Other Malware & Viruses to infect degital serv",3,0,0,0,,,,,,
659,B - SPECIAL & LOCAL LAWS,KARNATAKA STATE LOCAL ACTS,"Gifts, iPhone & Lottery Fraud",81,3,12,9,,,,,,
660,B - SPECIAL & LOCAL LAWS,KARNATAKA STATE LOCAL ACTS,Deep Fake/Deep Nudes,19,0,1,3,,,,,,
661,B - SPECIAL & LOCAL LAWS,KARNATAKA STATE LOCAL ACTS,"Investment Fraud (Part Time Job, Task, Review)",1748,17,242,228,,,,,,
662,B - SPECIAL & LOCAL LAWS,KARNATAKA STATE LOCAL ACTS,Card Skimming,5,0,0,0,,,,,,
663,B - SPECIAL & LOCAL LAWS,KARNATAKA STATE LOCAL ACTS,Job Fraud,404,5,58,66,,,,,,
664,B - SPECIAL & LOCAL LAWS,KARNATAKA STATE LOCAL ACTS,Hacking of Accounts & Ids,103,2,20,13,,,,,,
665,B - SPECIAL & LOCAL LAWS,KARNATAKA STATE LOCAL ACTS,Business Fraud,92,1,11,22,,,,,,
666,B - SPECIAL & LOCAL LAWS,KARNATAKA STATE LOCAL ACTS,Phishing (Taking Password & Information),27,0,3,1,,,,,,
667,B - SPECIAL & LOCAL LAWS,KARNATAKA STATE LOCAL ACTS,Email Spoofing / Fraud,28,0,2,6,,,,,,
668,B - SPECIAL & LOCAL LAWS,KARNATAKA STATE LOCAL ACTS,SIM card Swapping / SIM Jacking / SIM Cloning,10,1,1,5,,0,,,,
669,B - SPECIAL & LOCAL LAWS,KARNATAKA STATE LOCAL ACTS,Social Media Cases (Instagram/Facebook/Whatsapp/X /Telegram etc),325,10,46,62,,,,,,
670,B - SPECIAL & LOCAL LAWS,KARNATAKA STATE LOCAL ACTS,"Crypto Currency, Bitcoin, etc.",53,0,6,2,,,,,,
671,B - SPECIAL & LOCAL LAWS,KARNATAKA STATE LOCAL ACTS,Remote Access Fraud  (Any Desk/ Team Viewer),5,0,1,1,,,,,,
672,B - SPECIAL & LOCAL LAWS,KARNATAKA STATE LOCAL ACTS,OLX Fraud,115,1,10,21,,,,,,
673,B - SPECIAL & LOCAL LAWS,KARNATAKA STATE LOCAL ACTS,Data Theft,38,0,3,8,,,,,,
674,B - SPECIAL & LOCAL LAWS,KARNATAKA STATE LOCAL ACTS,Fedex,28,3,3,1,,,,,,
675,B - SPECIAL & LOCAL LAWS,KARNATAKA STATE LOCAL ACTS,Matrimony Fraud,67,1,10,13,,,,,,
676,B - SPECIAL & LOCAL LAWS,KARNATAKA STATE LOCAL ACTS,"OTP Frauds (KYC Update, Apk Link)",437,5,60,98,,,,,,
677,B - SPECIAL & LOCAL LAWS,KARNATAKA STATE LOCAL ACTS,Sextortion and Revenge Porn,65,0,11,8,,,,,,
678,B - SPECIAL & LOCAL LAWS,KARNATAKA STATE LOCAL ACTS,Advertising Frauds,29,0,3,6,,,,,,
679,B - SPECIAL & LOCAL LAWS,KARNATAKA STATE LOCAL ACTS,Investment Fraud (Trading & Share Trading),2009,15,294,270,,,,,,
680,B - SPECIAL & LOCAL LAWS,KARNATAKA STATE LOCAL ACTS,Fake Customer Care,186,1,24,33,,,,,,
681,B - SPECIAL & LOCAL LAWS,KARNATAKA STATE LOCAL ACTS,ATM Fraud,13,0,1,3,,,,,,
682,B - SPECIAL & LOCAL LAWS,KARNATAKA STATE LOCAL ACTS,Digital Arrest,207,0,21,39,,,,,,
683,B - SPECIAL & LOCAL LAWS,KARNATAKA STATE LOCAL ACTS,AEPS (Aadhaar),1,0,0,1,,,,,,
684,B - SPECIAL & LOCAL LAWS,KARNATAKA STATE LOCAL ACTS,Others ,1101,62,196,181,,,,,,
685,B - SPECIAL & LOCAL LAWS,NATIONAL SECURITY ACT,NA,0,0,0,0,,,,,,
686,B - SPECIAL & LOCAL LAWS,POCSO,Custodial Rape,3,0,0,1,,,,,,
687,B - SPECIAL & LOCAL LAWS,POCSO,Gang Rape,10,3,0,1,,,,,,
688,B - SPECIAL & LOCAL LAWS,POCSO,Rape with Murder,1,0,0,0,,,,,,
689,B - SPECIAL & LOCAL LAWS,POCSO,Rape,1822,265,239,243,,,,,,
690,B - SPECIAL & LOCAL LAWS,POCSO,Others ,711,67,108,92,,,,,,
691,B - SPECIAL & LOCAL LAWS,Aadhar Act,Offence by Company,0,0,0,0,,,,,,
692,B - SPECIAL & LOCAL LAWS,Aadhar Act,Impersonation,0,0,0,0,,,,,,
693,B - SPECIAL & LOCAL LAWS,Aadhar Act,Offence by Individual,0,0,0,0,,,,,,
694,C. CRIMES AGAINST WOMEN,RAPE (Sec.376 IPC/64 BNS),1.1  Custodial Rape,0,0,0,0,,,,,,
695,C. CRIMES AGAINST WOMEN,RAPE (Sec.376 IPC/64 BNS),1.2  Gang Rape,8,0,0,1,,,,,,
696,C. CRIMES AGAINST WOMEN,RAPE (Sec.376 IPC/64 BNS),1.3  other Cases of Rape,541,67,79,68,,,,,,
697,C. CRIMES AGAINST WOMEN,Outraging modesty (Molestation) (sec.354 IPC/74 BNS),NA,3453,430,525,487,,412,,,,
698,C. CRIMES AGAINST WOMEN,Kidnapping & Abduction of Women: (Sec.366 IPC/87 BNS),NA,67,15,10,8,,13,,,,
699,C. CRIMES AGAINST WOMEN,Insulting modesty (Eve-Teasing) (Sec.294 & 509 IPC/296 & 79 BNS if victim is a woman),NA,228,27,39,32,,399,,,,
700,C. CRIMES AGAINST WOMEN,Murder for Dowry - by burning (Sec.302 IPC/103 BNS),NA,1,0,0,0,,,,,,
701,C. CRIMES AGAINST WOMEN,"Murder for Dowry - by other means
(Sec.302 IPC/103 BNS)",NA,5,3,0,1,,,,,,
702,C. CRIMES AGAINST WOMEN,Murder for other reasons,NA,210,24,29,19,668,,,,,
703,C. CRIMES AGAINST WOMEN,Attempt to Commit Murder for dowry by burning (Sec.307 IPC/109 BNS),NA,1,0,0,0,37,,738,,,327
704,C. CRIMES AGAINST WOMEN,Attempt to Commit Murder for dowry by other means (Sec.307 IPC/109 BNS),NA,12,2,0,2,631,,34,,,11
705,C. CRIMES AGAINST WOMEN,Attempt to Commit murder for other reasons,NA,575,47,99,66,213,,704,,,316
706,C. CRIMES AGAINST WOMEN,"Dowry Death-by burning
(Sec.304-B IPC/80 BNS)",NA,1,0,0,0,16,,459-32,,,
707,C. CRIMES AGAINST WOMEN,Dowry Death-by other Means (Sec.304(B) IPC/80 BNS),NA,69,10,7,12,197,,,,,
708,C. CRIMES AGAINST WOMEN,Cruelty by Husband or Relatives of Husband (Sec.498-A IPC/85 BNS),NA,1677,219,249,262,,,,,588,
709,C. CRIMES AGAINST WOMEN,Abetment of Suicide (Sec.306 IPC/108 BNS),NA,98,13,10,18,,408,,,13,
710,C. CRIMES AGAINST WOMEN,Immoral Traffic (prevention) Act.,NA,203,24,50,37,,,,,575,
711,C. CRIMES AGAINST WOMEN,Indecent Representation of Women(Prohibition) Act-1986,NA,1134,151,191,184,,,,,,
712,C. CRIMES AGAINST WOMEN,Pornography (Sec.292 to 294 IPC/294 TO 296 BNS),NA,1,0,0,0,,,224,,,
713,C. CRIMES AGAINST WOMEN,"Offences against Public Servants  (Sec 182-188,332,333,353IPC/217-223,121(1),121(2),132 BNS)",NA,78,6,12,12,,,,393,,
714,C. CRIMES AGAINST WOMEN,Offences related to Marriage,NA,19,3,3,2,,,,29,,
715,C. CRIMES AGAINST WOMEN,Cyber Crimes,NA,2635,628,389,403,,,,364,,
716,D.CRIME AGAINST CHILDREN,"Infanticide/ Foeticide 
(Sec. 315 IPC/91 BNS)",NA,5,0,1,1,,,,,,
717,D.CRIME AGAINST CHILDREN,Rape on Minor,NA,0,0,0,0,,,,,,
718,D.CRIME AGAINST CHILDREN,Exposure & abandonment (Sec. 317 IPC/93 BNS),NA,37,7,4,7,,,,,,
719,D.CRIME AGAINST CHILDREN,Kidnapping & Abduction of Children,For Ransom - of Children,5,0,1,0,,,,,,
720,D.CRIME AGAINST CHILDREN,Kidnapping & Abduction of Children,of Children - for begging,0,0,0,0,,,,,,
721,D.CRIME AGAINST CHILDREN,Kidnapping & Abduction of Children,of Girls - Immoral Purpose,0,0,0,0,,,,,,
722,D.CRIME AGAINST CHILDREN,Kidnapping & Abduction of Children,With intent to Steal from Child,0,0,0,0,,,,,,
723,D.CRIME AGAINST CHILDREN,Kidnapping & Abduction of Children,Lawful Guardianship,1,1,0,0,,,,,,
724,D.CRIME AGAINST CHILDREN,Kidnapping & Abduction of Children,Procuration of Minor Girls - For Prostitution,0,0,0,0,,,,2327,,
725,D.CRIME AGAINST CHILDREN,Kidnapping & Abduction of Children,Procuration of Minor Girls - Importing of Girl,0,0,0,0,,,,16,,
726,D.CRIME AGAINST CHILDREN,Kidnapping & Abduction of Children,Procuration of Minor Girls - For Other Purposes,10,2,2,0,,,,2311,,
727,D.CRIME AGAINST CHILDREN,Selling of girls for Prostitution (Sec.372 IPC/98 BNS),NA,0,0,0,0,,,,,,
728,D.CRIME AGAINST CHILDREN,The Prohibition of Child Marriage Act - 2006,NA,123,15,26,18,,,,,,
729,D.CRIME AGAINST CHILDREN,POCSO Act,NA,2547,335,347,337,,,,,,
730,D.CRIME AGAINST CHILDREN,Death of Children due to miscarriage,NA,13,2,3,1,,,,,,
731,D.CRIME AGAINST CHILDREN,Juvenile Justice Act,NA,97,7,6,12,,,,,,
732,D.CRIME AGAINST CHILDREN,Child Labour (Pro.& Reg.) Act,NA,53,7,12,17,,,,,,
733,D.CRIME AGAINST CHILDREN,Probation of Offenders Act,NA,0,0,0,0,,,,,,
734,"    E. CRIME AGAINST SCHEDULED CASTES /TRIBES BY NON SCs/STs 
",Murder,NA,48,6,6,5,,,,,,
735,"    E. CRIME AGAINST SCHEDULED CASTES /TRIBES BY NON SCs/STs 
",Rape,NA,89,9,13,12,,,,,,
736,"    E. CRIME AGAINST SCHEDULED CASTES /TRIBES BY NON SCs/STs 
",Kidnapping,NA,104,11,12,16,,,,,,
737,"    E. CRIME AGAINST SCHEDULED CASTES /TRIBES BY NON SCs/STs 
",Offences under the Protection of Civil Rights Act.,NA,6,0,0,1,,,,,,
738,"    E. CRIME AGAINST SCHEDULED CASTES /TRIBES BY NON SCs/STs 
",Offences under the SC & ST  (prevention of Atrocities)Act 1989 (if the victim is SC),NA,1094,135,161,184,,,,,,
